{
  "summary": {
    "successRate": 1.0,
    "total": 30.003040385,
    "slowest": 0.035908965,
    "fastest": 0.000300404,
    "average": 0.009198959252116957,
    "requestsPerSec": 10864.79889428046,
    "totalData": 4236401,
    "sizePerRequest": 13,
    "sizePerSec": 141199.05668353484
  },
  "responseTimeHistogram": {
    "0.000300404": 1,
    "0.0038612601000000005": 9606,
    "0.0074221162": 81674,
    "0.010982972300000001": 153270,
    "0.014543828400000002": 64975,
    "0.018104684500000003": 13077,
    "0.0216655406": 2650,
    "0.025226396700000004": 474,
    "0.028787252800000003": 108,
    "0.0323481089": 33,
    "0.035908965": 9
  },
  "latencyPercentiles": {
    "p10": 0.005633623,
    "p25": 0.0071972,
    "p50": 0.00894789,
    "p75": 0.010978767,
    "p90": 0.013072217,
    "p95": 0.014554602,
    "p99": 0.018115146,
    "p99.9": 0.023100066,
    "p99.99": 0.029494093
  },
  "firstByteHistogram": {
    "0.000299722": 1,
    "0.0038605903999999994": 9606,
    "0.007421458799999998": 81672,
    "0.010982327199999998": 153275,
    "0.014543195599999998": 64973,
    "0.018104063999999996": 13076,
    "0.021664932399999993": 2650,
    "0.025225800799999993": 474,
    "0.028786669199999993": 108,
    "0.0323475376": 33,
    "0.035908406": 9
  },
  "firstBytePercentiles": {
    "p10": 0.005632877,
    "p25": 0.007196487,
    "p50": 0.008947292,
    "p75": 0.010978138,
    "p90": 0.013071616,
    "p95": 0.01455396,
    "p99": 0.018114275,
    "p99.9": 0.023099421,
    "p99.99": 0.02949383
  },
  "rps": {
    "mean": 10871.313029265208,
    "stddev": 2179.3891020393594,
    "max": 19695.728525938343,
    "min": 70.48483487059583,
    "percentiles": {
      "p10": 8082.148616413552,
      "p25": 9588.026714462747,
      "p50": 10970.943606835808,
      "p75": 12279.36483695503,
      "p90": 13509.166023615318,
      "p95": 14243.801237042846,
      "p99": 15768.470337081448,
      "p99.9": 17097.75008965726,
      "p99.99": 19695.728525938343
    }
  },
  "details": {
    "DNSDialup": {
      "average": 0.0031039636700000003,
      "fastest": 0.000408108,
      "slowest": 0.008692292
    },
    "DNSLookup": {
      "average": 7.348190000000002e-6,
      "fastest": 4.004e-6,
      "slowest": 0.00007785
    },
    "firstByte": {
      "average": 0.00919836411352733,
      "fastest": 0.000299722,
      "slowest": 0.035908406
    }
  },
  "statusCodeDistribution": {
    "200": 325877
  },
  "errorDistribution": {
    "aborted due to deadline": 100
  }
}