{
  "summary": {
    "successRate": 1.0,
    "total": 30.009199227,
    "slowest": 0.049797236,
    "fastest": 0.000290571,
    "average": 0.009257423632844352,
    "requestsPerSec": 10793.690213118729,
    "totalData": 5504787,
    "sizePerRequest": 17,
    "sizePerSec": 183436.6508202995
  },
  "responseTimeHistogram": {
    "0.000290571": 1,
    "0.0052412375": 21681,
    "0.010191904": 191446,
    "0.0151425705": 99198,
    "0.020093237": 10473,
    "0.0250439035": 859,
    "0.02999457": 93,
    "0.034945236500000004": 20,
    "0.039895903": 37,
    "0.0448465695": 0,
    "0.049797236": 3
  },
  "latencyPercentiles": {
    "p10": 0.005807633,
    "p25": 0.007318982,
    "p50": 0.009015799,
    "p75": 0.01098993,
    "p90": 0.013012059,
    "p95": 0.014446678,
    "p99": 0.017709564,
    "p99.9": 0.022939521,
    "p99.99": 0.035499528
  },
  "firstByteHistogram": {
    "0.000289991": 1,
    "0.005240646399999999": 21680,
    "0.010191301799999998": 191441,
    "0.015141957199999997": 99203,
    "0.020092612599999997": 10474,
    "0.025043267999999997": 859,
    "0.029993923399999994": 93,
    "0.0349445788": 20,
    "0.0398952342": 37,
    "0.044845889599999994": 0,
    "0.049796545": 3
  },
  "firstBytePercentiles": {
    "p10": 0.005806939,
    "p25": 0.007318376,
    "p50": 0.009015233,
    "p75": 0.010989305,
    "p90": 0.0130115,
    "p95": 0.01444643,
    "p99": 0.017709165,
    "p99.9": 0.022938953,
    "p99.99": 0.035498988
  },
  "rps": {
    "mean": 10794.629048038789,
    "stddev": 2030.2072065312461,
    "max": 17617.831581182505,
    "min": 73.23016959960819,
    "percentiles": {
      "p10": 8143.406417828891,
      "p25": 9549.934888321992,
      "p50": 10911.367462623291,
      "p75": 12147.693057713557,
      "p90": 13298.816014233651,
      "p95": 13971.556724924094,
      "p99": 15216.009514266494,
      "p99.9": 16420.341988810243,
      "p99.99": 17617.831581182505
    }
  },
  "details": {
    "DNSDialup": {
      "average": 0.00417031534,
      "fastest": 0.000391466,
      "slowest": 0.009433547
    },
    "DNSLookup": {
      "average": 7.224059999999999e-6,
      "fastest": 3.84e-6,
      "slowest": 0.000064508
    },
    "firstByte": {
      "average": 0.009256819122908036,
      "fastest": 0.000289991,
      "slowest": 0.049796545
    }
  },
  "statusCodeDistribution": {
    "200": 323811
  },
  "errorDistribution": {
    "aborted due to deadline": 99
  }
}