{
  "summary": {
    "successRate": 1.0,
    "total": 0.78966809,
    "slowest": 0.02647809,
    "fastest": 0.00027529,
    "average": 0.003917496041799993,
    "requestsPerSec": 12663.548301666842,
    "totalData": 340000,
    "sizePerRequest": 34,
    "sizePerSec": 430560.64225667267
  },
  "responseTimeHistogram": {
    "0.00027529": 1,
    "0.00289557": 2945,
    "0.00551585": 5614,
    "0.00813613": 1195,
    "0.01075641": 168,
    "0.013376689999999998": 20,
    "0.015996970000000003": 9,
    "0.018617250000000002": 12,
    "0.02123753": 22,
    "0.02385781": 12,
    "0.02647809": 2
  },
  "latencyPercentiles": {
    "p10": 0.001925572,
    "p25": 0.002723802,
    "p50": 0.003612936,
    "p75": 0.004724964,
    "p90": 0.00608024,
    "p95": 0.007180725,
    "p99": 0.009888299,
    "p99.9": 0.022070293,
    "p99.99": 0.024735989
  },
  "firstByteHistogram": {
    "0.000274706": 1,
    "0.0028949853": 2945,
    "0.0055152646": 5614,
    "0.0081355439": 1195,
    "0.0107558232": 168,
    "0.0133761025": 20,
    "0.0159963818": 9,
    "0.0186166611": 12,
    "0.0212369404": 22,
    "0.0238572197": 12,
    "0.026477499": 2
  },
  "firstBytePercentiles": {
    "p10": 0.001924901,
    "p25": 0.002723275,
    "p50": 0.003612268,
    "p75": 0.004724438,
    "p90": 0.00607967,
    "p95": 0.007180443,
    "p99": 0.009887984,
    "p99.9": 0.022069697,
    "p99.99": 0.024735166
  },
  "rps": {
    "mean": 12772.907251842347,
    "stddev": 2331.8035983022287,
    "max": 16626.764243676207,
    "min": 52.152081728570316,
    "percentiles": {
      "p10": 10016.846332161449,
      "p25": 12059.109091261025,
      "p50": 13236.661581582415,
      "p75": 14024.646853842947,
      "p90": 14838.293183217984,
      "p95": 15405.256579464896,
      "p99": 16626.764243676207,
      "p99.9": 16626.764243676207,
      "p99.99": 16626.764243676207
    }
  },
  "details": {
    "DNSDialup": {
      "average": 0.0075805488200000005,
      "fastest": 0.00025105,
      "slowest": 0.009217123
    },
    "DNSLookup": {
      "average": 0.0000100223,
      "fastest": 3.909e-6,
      "slowest": 0.000108709
    },
    "firstByte": {
      "average": 0.0039167990748000215,
      "fastest": 0.000274706,
      "slowest": 0.026477499
    }
  },
  "statusCodeDistribution": {
    "200": 10000
  },
  "errorDistribution": {}
}