{
  "summary": {
    "successRate": 1.0,
    "total": 15.004781708,
    "slowest": 0.043793075,
    "fastest": 0.000358043,
    "average": 0.0075833256260691645,
    "requestsPerSec": 13174.600193923729,
    "totalData": 2963730,
    "sizePerRequest": 15,
    "sizePerSec": 197519.0347767504
  },
  "responseTimeHistogram": {
    "0.000358043": 1,
    "0.004701546199999999": 30131,
    "0.0090450494": 113696,
    "0.013388552599999999": 46349,
    "0.017732055799999997": 6413,
    "0.022075558999999998": 797,
    "0.026419062199999996": 149,
    "0.030762565399999994": 21,
    "0.0351060686": 12,
    "0.0394495718": 9,
    "0.043793075": 4
  },
  "latencyPercentiles": {
    "p10": 0.004055633,
    "p25": 0.005569752,
    "p50": 0.007320916,
    "p75": 0.009253381,
    "p90": 0.011328668,
    "p95": 0.012787805,
    "p99": 0.016132818,
    "p99.9": 0.022071887,
    "p99.99": 0.033113607
  },
  "firstByteHistogram": {
    "0.000357498": 1,
    "0.0047009942": 30134,
    "0.009044490399999999": 113695,
    "0.013387986599999999": 46347,
    "0.0177314828": 6413,
    "0.022074978999999998": 797,
    "0.0264184752": 149,
    "0.0307619714": 21,
    "0.035105467599999995": 12,
    "0.03944896379999999": 9,
    "0.04379245999999999": 4
  },
  "firstBytePercentiles": {
    "p10": 0.004054664,
    "p25": 0.0055691,
    "p50": 0.007320312,
    "p75": 0.009252837,
    "p90": 0.011328088,
    "p95": 0.012787535,
    "p99": 0.016132247,
    "p99.9": 0.022071394,
    "p99.99": 0.033113375
  },
  "rps": {
    "mean": 13175.330309437091,
    "stddev": 2179.98759802351,
    "max": 19788.868514101225,
    "min": 71.81034600379014,
    "percentiles": {
      "p10": 10244.123806889662,
      "p25": 12026.71373655104,
      "p50": 13391.053236467542,
      "p75": 14614.507354599382,
      "p90": 15676.826767524186,
      "p95": 16220.894519477248,
      "p99": 17413.09448507123,
      "p99.9": 19209.17986977776,
      "p99.99": 19788.868514101225
    }
  },
  "details": {
    "DNSDialup": {
      "average": 0.0035950410999999994,
      "fastest": 0.000390671,
      "slowest": 0.010045524
    },
    "DNSLookup": {
      "average": 6.71478e-6,
      "fastest": 3.708e-6,
      "slowest": 0.00005516
    },
    "firstByte": {
      "average": 0.007582727876233668,
      "fastest": 0.000357498,
      "slowest": 0.04379246
    }
  },
  "statusCodeDistribution": {
    "200": 197582
  },
  "errorDistribution": {
    "aborted due to deadline": 100
  }
}