{
  "summary": {
    "successRate": 1.0,
    "total": 15.002099243,
    "slowest": 0.008025923,
    "fastest": 0.00026116,
    "average": 0.0010785530556959924,
    "requestsPerSec": 9230.44153734772,
    "totalData": 2076990,
    "sizePerRequest": 15,
    "sizePerSec": 138446.62445951533
  },
  "responseTimeHistogram": {
    "0.00026116": 1,
    "0.0010376363": 74932,
    "0.0018141126000000003": 56279,
    "0.0025905889000000003": 5355,
    "0.0033670652000000003": 1298,
    "0.0041435415": 443,
    "0.004920017800000001": 91,
    "0.0056964941": 47,
    "0.006472970400000001": 12,
    "0.007249446700000001": 4,
    "0.008025923": 4
  },
  "latencyPercentiles": {
    "p10": 0.000635755,
    "p25": 0.000795679,
    "p50": 0.001002911,
    "p75": 0.001253417,
    "p90": 0.001559657,
    "p95": 0.001836492,
    "p99": 0.002805187,
    "p99.9": 0.004239706,
    "p99.99": 0.005946464
  },
  "firstByteHistogram": {
    "0.000260533": 1,
    "0.0010370028": 74951,
    "0.0018134726000000002": 56262,
    "0.0025899424": 5354,
    "0.0033664122": 1297,
    "0.0041428820000000005": 443,
    "0.004919351800000001": 91,
    "0.0056958216": 47,
    "0.006472291400000001": 12,
    "0.007248761200000001": 4,
    "0.008025231": 4
  },
  "firstBytePercentiles": {
    "p10": 0.000635048,
    "p25": 0.000794937,
    "p50": 0.001002245,
    "p75": 0.001252781,
    "p90": 0.001558965,
    "p95": 0.001835679,
    "p99": 0.002803935,
    "p99.9": 0.004239191,
    "p99.99": 0.005945628
  },
  "rps": {
    "mean": 9227.441979809066,
    "stddev": 1375.1327277948396,
    "max": 11358.762284928609,
    "min": 2585.1945477382824,
    "percentiles": {
      "p10": 7201.079441808252,
      "p25": 8819.141307580028,
      "p50": 9630.726833963268,
      "p75": 10121.637023466561,
      "p90": 10469.274140057692,
      "p95": 10643.017678660008,
      "p99": 10994.340234685682,
      "p99.9": 11330.193833546999,
      "p99.99": 11358.762284928609
    }
  },
  "details": {
    "DNSDialup": {
      "average": 0.0002765227,
      "fastest": 0.000109331,
      "slowest": 0.001144464
    },
    "DNSLookup": {
      "average": 0.000028293599999999996,
      "fastest": 5.274e-6,
      "slowest": 0.000078802
    },
    "firstByte": {
      "average": 0.0010778689000404498,
      "fastest": 0.000260533,
      "slowest": 0.008025231
    }
  },
  "statusCodeDistribution": {
    "200": 138466
  },
  "errorDistribution": {
    "aborted due to deadline": 10
  }
}