{
  "summary": {
    "successRate": 1.0,
    "total": 15.002970341,
    "slowest": 0.043400895,
    "fastest": 0.000290167,
    "average": 0.004227702871060262,
    "requestsPerSec": 11812.194250341217,
    "totalData": 2657520,
    "sizePerRequest": 15,
    "sizePerSec": 177132.92365429466
  },
  "responseTimeHistogram": {
    "0.000290167": 1,
    "0.0046012398": 113270,
    "0.0089123126": 60476,
    "0.0132233854": 3118,
    "0.017534458200000002": 231,
    "0.021845531": 26,
    "0.026156603800000004": 15,
    "0.030467676600000004": 4,
    "0.0347787494": 10,
    "0.039089822200000006": 11,
    "0.043400895": 6
  },
  "latencyPercentiles": {
    "p10": 0.002141172,
    "p25": 0.002970145,
    "p50": 0.003987098,
    "p75": 0.005194683,
    "p90": 0.006529591,
    "p95": 0.007509659,
    "p99": 0.00999557,
    "p99.9": 0.014432465,
    "p99.99": 0.034533509
  },
  "firstByteHistogram": {
    "0.0002894": 1,
    "0.0046005239": 113266,
    "0.0089116478": 60479,
    "0.0132227717": 3119,
    "0.0175338956": 231,
    "0.021845019499999997": 26,
    "0.026156143399999998": 15,
    "0.0304672673": 4,
    "0.0347783912": 10,
    "0.0390895151": 11,
    "0.043400639": 6
  },
  "firstBytePercentiles": {
    "p10": 0.002140608,
    "p25": 0.002969444,
    "p50": 0.003986384,
    "p75": 0.005194009,
    "p90": 0.006528946,
    "p95": 0.007509027,
    "p99": 0.009995289,
    "p99.9": 0.014431824,
    "p99.99": 0.034532984
  },
  "rps": {
    "mean": 11810.03749393098,
    "stddev": 2188.3128464729266,
    "max": 17313.11272349705,
    "min": 348.5577146511356,
    "percentiles": {
      "p10": 8812.762642860444,
      "p25": 10707.47917420408,
      "p50": 12150.246300680106,
      "p75": 13322.484922677284,
      "p90": 14238.589249336841,
      "p95": 14769.050114908865,
      "p99": 15431.490184715058,
      "p99.9": 16996.91517631331,
      "p99.99": 17313.11272349705
    }
  },
  "details": {
    "DNSDialup": {
      "average": 0.0040931886199999995,
      "fastest": 0.000245839,
      "slowest": 0.014412719
    },
    "DNSLookup": {
      "average": 0.0000103876,
      "fastest": 3.713e-6,
      "slowest": 0.000067937
    },
    "firstByte": {
      "average": 0.004227073595954189,
      "fastest": 0.0002894,
      "slowest": 0.043400639
    }
  },
  "statusCodeDistribution": {
    "200": 177168
  },
  "errorDistribution": {
    "aborted due to deadline": 50
  }
}