{
  "summary": {
    "successRate": 1.0,
    "total": 15.028382052,
    "slowest": 0.672740375,
    "fastest": 0.004643446,
    "average": 0.0844100596503448,
    "requestsPerSec": 11795.348254166143,
    "totalData": 2644200,
    "sizePerRequest": 15,
    "sizePerSec": 175947.08404742117
  },
  "responseTimeHistogram": {
    "0.004643446": 1,
    "0.07145313889999999": 105048,
    "0.13826283179999999": 34526,
    "0.20507252469999998": 20104,
    "0.2718822176": 12109,
    "0.33869191049999997": 2030,
    "0.40550160339999997": 1081,
    "0.47231129629999996": 743,
    "0.5391209892": 429,
    "0.6059306820999999": 150,
    "0.672740375": 59
  },
  "latencyPercentiles": {
    "p10": 0.013656771,
    "p25": 0.022669848,
    "p50": 0.053459606,
    "p75": 0.125055186,
    "p90": 0.200956386,
    "p95": 0.23665562,
    "p99": 0.37013363,
    "p99.9": 0.544688081,
    "p99.99": 0.643123954
  },
  "firstByteHistogram": {
    "0.004642763": 1,
    "0.0714524968": 105048,
    "0.1382622306": 34526,
    "0.20507196440000003": 20104,
    "0.2718816982": 12109,
    "0.338691432": 2030,
    "0.40550116580000006": 1081,
    "0.47231089960000006": 743,
    "0.5391206334": 429,
    "0.6059303672": 150,
    "0.672740101": 59
  },
  "firstBytePercentiles": {
    "p10": 0.013656503,
    "p25": 0.022669174,
    "p50": 0.053458903,
    "p75": 0.125054585,
    "p90": 0.20095573,
    "p95": 0.236655042,
    "p99": 0.370117492,
    "p99.9": 0.544687593,
    "p99.99": 0.643123378
  },
  "rps": {
    "mean": 11756.007002075368,
    "stddev": 3610.105317307242,
    "max": 32927.039289956556,
    "min": 13.347542771433327,
    "percentiles": {
      "p10": 7652.304119110624,
      "p25": 9947.720208612596,
      "p50": 11846.735371038007,
      "p75": 13719.210334359524,
      "p90": 15870.426872503138,
      "p95": 17377.832030633956,
      "p99": 20412.68003506085,
      "p99.9": 30433.90002996151,
      "p99.99": 32927.039289956556
    }
  },
  "details": {
    "DNSDialup": {
      "average": 0.024317378183999986,
      "fastest": 0.004371288,
      "slowest": 0.059681622
    },
    "DNSLookup": {
      "average": 8.651143999999998e-6,
      "fastest": 3.86e-6,
      "slowest": 0.002536796
    },
    "firstByte": {
      "average": 0.0844094640072829,
      "fastest": 0.004642763,
      "slowest": 0.672740101
    }
  },
  "statusCodeDistribution": {
    "200": 176280
  },
  "errorDistribution": {
    "aborted due to deadline": 985
  }
}