{
  "summary": {
    "successRate": 1.0,
    "total": 15.002078405,
    "slowest": 0.005651008,
    "fastest": 0.000277655,
    "average": 0.000375786931593114,
    "requestsPerSec": 2625.1695889600305,
    "totalData": 590730,
    "sizePerRequest": 15,
    "sizePerSec": 39376.543972941596
  },
  "responseTimeHistogram": {
    "0.000277655": 1,
    "0.0008149903": 39097,
    "0.0013523256": 187,
    "0.0018896609": 62,
    "0.0024269962": 16,
    "0.0029643315": 10,
    "0.0035016668": 4,
    "0.0040390021": 1,
    "0.0045763374": 2,
    "0.0051136727": 0,
    "0.005651008": 2
  },
  "latencyPercentiles": {
    "p10": 0.000318212,
    "p25": 0.000342039,
    "p50": 0.000360316,
    "p75": 0.00038053,
    "p90": 0.000420769,
    "p95": 0.000473939,
    "p99": 0.000716903,
    "p99.9": 0.001823268,
    "p99.99": 0.004111202
  },
  "firstByteHistogram": {
    "0.000276934": 1,
    "0.0008141733": 39098,
    "0.0013514126": 187,
    "0.0018886519": 62,
    "0.0024258912": 15,
    "0.0029631304999999998": 10,
    "0.0035003698": 4,
    "0.004037609100000001": 1,
    "0.0045748484": 2,
    "0.0051120877": 0,
    "0.005649327": 2
  },
  "firstBytePercentiles": {
    "p10": 0.000317503,
    "p25": 0.000341344,
    "p50": 0.00035963,
    "p75": 0.000379774,
    "p90": 0.000419944,
    "p95": 0.000473105,
    "p99": 0.000715204,
    "p99.9": 0.001810973,
    "p99.99": 0.004108617
  },
  "rps": {
    "mean": 2623.546439932887,
    "stddev": 365.6952596930484,
    "max": 3310.531130579389,
    "min": 583.1261486127012,
    "percentiles": {
      "p10": 2163.42491179667,
      "p25": 2547.580135152384,
      "p50": 2685.2746560885307,
      "p75": 2796.181369022814,
      "p90": 3014.32739956289,
      "p95": 3075.108920357887,
      "p99": 3170.088112087365,
      "p99.9": 3287.13977442197,
      "p99.99": 3310.531130579389
    }
  },
  "details": {
    "DNSDialup": {
      "average": 0.00027916,
      "fastest": 0.00027916,
      "slowest": 0.00027916
    },
    "DNSLookup": {
      "average": 0.000090838,
      "fastest": 0.000090838,
      "slowest": 0.000090838
    },
    "firstByte": {
      "average": 0.0003750252337362228,
      "fastest": 0.000276934,
      "slowest": 0.005649327
    }
  },
  "statusCodeDistribution": {
    "200": 39382
  },
  "errorDistribution": {
    "aborted due to deadline": 1
  }
}