{
  "summary": {
    "successRate": 1.0,
    "total": 15.018310459,
    "slowest": 0.366927923,
    "fastest": 0.001743016,
    "average": 0.04350305298963219,
    "requestsPerSec": 11477.655923453167,
    "totalData": 2578140,
    "sizePerRequest": 15,
    "sizePerSec": 171666.44723707932
  },
  "responseTimeHistogram": {
    "0.001743016": 1,
    "0.0382615067": 83146,
    "0.0747799974": 65100,
    "0.11129848810000001": 21516,
    "0.1478169788": 1446,
    "0.18433546950000002": 304,
    "0.22085396020000003": 108,
    "0.2573724509": 74,
    "0.2938909416": 75,
    "0.3304094323": 26,
    "0.36692792300000004": 80
  },
  "latencyPercentiles": {
    "p10": 0.011891642,
    "p25": 0.017070662,
    "p50": 0.040249974,
    "p75": 0.064453653,
    "p90": 0.079529513,
    "p95": 0.088961638,
    "p99": 0.115011748,
    "p99.9": 0.262681603,
    "p99.99": 0.357959099
  },
  "firstByteHistogram": {
    "0.001742452": 1,
    "0.038260969299999996": 83146,
    "0.0747794866": 65100,
    "0.1112980039": 21516,
    "0.1478165212": 1446,
    "0.1843350385": 304,
    "0.2208535558": 108,
    "0.2573720731": 74,
    "0.2938905904": 75,
    "0.3304091077": 26,
    "0.366927625": 80
  },
  "firstBytePercentiles": {
    "p10": 0.011891053,
    "p25": 0.017070104,
    "p50": 0.040248372,
    "p75": 0.064453348,
    "p90": 0.079528967,
    "p95": 0.08896099,
    "p99": 0.115010938,
    "p99.9": 0.262679972,
    "p99.99": 0.357958808
  },
  "rps": {
    "mean": 11475.053277650672,
    "stddev": 3359.942680838776,
    "max": 32531.3439498959,
    "min": 21.723245075698774,
    "percentiles": {
      "p10": 7424.123318114754,
      "p25": 9562.59002046064,
      "p50": 11559.037785489649,
      "p75": 13501.774102431213,
      "p90": 15427.581430080298,
      "p95": 16440.944443729637,
      "p99": 19500.86315296025,
      "p99.9": 26024.971990390804,
      "p99.99": 32531.3439498959
    }
  },
  "details": {
    "DNSDialup": {
      "average": 0.012697786303999996,
      "fastest": 0.002048535,
      "slowest": 0.043691811
    },
    "DNSLookup": {
      "average": 5.935235999999999e-6,
      "fastest": 3.871e-6,
      "slowest": 0.000079894
    },
    "firstByte": {
      "average": 0.0435024089412488,
      "fastest": 0.001742452,
      "slowest": 0.366927625
    }
  },
  "statusCodeDistribution": {
    "200": 171876
  },
  "errorDistribution": {
    "aborted due to deadline": 499
  }
}