{
  "summary": {
    "successRate": 1.0,
    "total": 30.004059022,
    "slowest": 0.056652753,
    "fastest": 0.000635357,
    "average": 0.011050415475975987,
    "requestsPerSec": 9043.809699248897,
    "totalData": 3526263,
    "sizePerRequest": 13,
    "sizePerSec": 117526.19861914095
  },
  "responseTimeHistogram": {
    "0.000635357": 1,
    "0.0062370966": 26294,
    "0.0118388362": 148965,
    "0.0174405758": 74081,
    "0.0230423154": 16721,
    "0.028644054999999998": 3753,
    "0.034245794600000004": 1075,
    "0.0398475342": 241,
    "0.0454492738": 104,
    "0.051051013400000005": 13,
    "0.056652753": 3
  },
  "latencyPercentiles": {
    "p10": 0.006282541,
    "p25": 0.008000576,
    "p50": 0.010276995,
    "p75": 0.013219663,
    "p90": 0.016672418,
    "p95": 0.019236712,
    "p99": 0.025826894,
    "p99.9": 0.035695103,
    "p99.99": 0.043426237
  },
  "firstByteHistogram": {
    "0.000634763": 1,
    "0.006236534": 26298,
    "0.011838305": 148963,
    "0.017440076000000002": 74078,
    "0.023041847": 16722,
    "0.028643618": 3753,
    "0.034245389": 1075,
    "0.039847160000000006": 241,
    "0.045448931": 104,
    "0.051050702": 13,
    "0.056652472999999995": 3
  },
  "firstBytePercentiles": {
    "p10": 0.006281887,
    "p25": 0.007999913,
    "p50": 0.010275974,
    "p75": 0.013218922,
    "p90": 0.016671865,
    "p95": 0.019236305,
    "p99": 0.025825929,
    "p99.9": 0.035694491,
    "p99.99": 0.043426034
  },
  "rps": {
    "mean": 9027.929776534602,
    "stddev": 2932.6957716662405,
    "max": 18651.347693151743,
    "min": 62.84961275525349,
    "percentiles": {
      "p10": 5078.476684510477,
      "p25": 7010.580240233335,
      "p50": 9211.44975015873,
      "p75": 11060.755179696984,
      "p90": 12663.42476292514,
      "p95": 13515.486597449128,
      "p99": 15374.073163015752,
      "p99.9": 17364.866458656517,
      "p99.99": 18651.347693151743
    }
  },
  "details": {
    "DNSDialup": {
      "average": 0.004461451900000001,
      "fastest": 0.000410003,
      "slowest": 0.011500275
    },
    "DNSLookup": {
      "average": 7.440470000000001e-6,
      "fastest": 4.057e-6,
      "slowest": 0.000064572
    },
    "firstByte": {
      "average": 0.011049707762614826,
      "fastest": 0.000634763,
      "slowest": 0.056652473
    }
  },
  "statusCodeDistribution": {
    "200": 271251
  },
  "errorDistribution": {
    "aborted due to deadline": 100
  }
}