{
  "summary": {
    "successRate": 1.0,
    "total": 30.004453006,
    "slowest": 0.046765172,
    "fastest": 0.000415623,
    "average": 0.009881638062841288,
    "requestsPerSec": 10114.065400202951,
    "totalData": 5157239,
    "sizePerRequest": 17,
    "sizePerSec": 171882.45354676872
  },
  "responseTimeHistogram": {
    "0.000415623": 1,
    "0.0050505779": 17235,
    "0.0096855328": 149390,
    "0.0143204877": 101976,
    "0.0189554426": 26873,
    "0.023590397500000002": 5956,
    "0.0282253524": 1353,
    "0.032860307299999995": 423,
    "0.0374952622": 92,
    "0.0421302171": 48,
    "0.046765172": 20
  },
  "latencyPercentiles": {
    "p10": 0.005740144,
    "p25": 0.007265533,
    "p50": 0.009266013,
    "p75": 0.011801822,
    "p90": 0.014746445,
    "p95": 0.016863103,
    "p99": 0.021977559,
    "p99.9": 0.030786682,
    "p99.99": 0.039261734
  },
  "firstByteHistogram": {
    "0.000414899": 1,
    "0.0050498088": 17232,
    "0.0096847186": 149394,
    "0.0143196284": 101972,
    "0.0189545382": 26877,
    "0.023589448": 5955,
    "0.0282243578": 1353,
    "0.0328592676": 423,
    "0.0374941774": 92,
    "0.042129087200000005": 48,
    "0.046763997": 20
  },
  "firstBytePercentiles": {
    "p10": 0.00573942,
    "p25": 0.007264731,
    "p50": 0.009265253,
    "p75": 0.011801232,
    "p90": 0.014745811,
    "p95": 0.016862619,
    "p99": 0.021977316,
    "p99.9": 0.030786386,
    "p99.99": 0.039261104
  },
  "rps": {
    "mean": 10118.204383656894,
    "stddev": 2877.727753991521,
    "max": 19373.187739488443,
    "min": 61.10441712221537,
    "percentiles": {
      "p10": 6265.647697181735,
      "p25": 8315.43318032422,
      "p50": 10351.269243523217,
      "p75": 12099.407522262107,
      "p90": 13601.632760145942,
      "p95": 14518.773732270509,
      "p99": 16224.575364300408,
      "p99.9": 18119.772295528517,
      "p99.99": 19373.187739488443
    }
  },
  "details": {
    "DNSDialup": {
      "average": 0.0042726530499999985,
      "fastest": 0.000433157,
      "slowest": 0.009388604
    },
    "DNSLookup": {
      "average": 7.911590000000002e-6,
      "fastest": 4e-6,
      "slowest": 0.000078683
    },
    "firstByte": {
      "average": 0.009880940090253858,
      "fastest": 0.000414899,
      "slowest": 0.046763997
    }
  },
  "statusCodeDistribution": {
    "200": 303367
  },
  "errorDistribution": {
    "aborted due to deadline": 100
  }
}