{
  "summary": {
    "successRate": 1.0,
    "total": 0.901456556,
    "slowest": 0.019751293,
    "fastest": 0.000371984,
    "average": 0.004477727320000009,
    "requestsPerSec": 11093.157993517327,
    "totalData": 0,
    "sizePerRequest": 0,
    "sizePerSec": 0.0
  },
  "responseTimeHistogram": {
    "0.000371984": 1,
    "0.0023099149": 742,
    "0.0042478458": 4528,
    "0.0061857767": 3200,
    "0.0081237076": 1051,
    "0.010061638500000001": 353,
    "0.011999569400000002": 64,
    "0.0139375003": 30,
    "0.0158754312": 14,
    "0.0178133621": 3,
    "0.019751293": 14
  },
  "latencyPercentiles": {
    "p10": 0.002494126,
    "p25": 0.00317203,
    "p50": 0.004138819,
    "p75": 0.005347487,
    "p90": 0.006877178,
    "p95": 0.008013299,
    "p99": 0.010481811,
    "p99.9": 0.018755165,
    "p99.99": 0.01929464
  },
  "firstByteHistogram": {
    "NaN": 0
  },
  "firstBytePercentiles": {
    "p10": null,
    "p25": null,
    "p50": null,
    "p75": null,
    "p90": null,
    "p95": null,
    "p99": null,
    "p99.9": null,
    "p99.99": null
  },
  "rps": {
    "mean": 11020.819489546948,
    "stddev": 3159.691477502134,
    "max": 15607.697716513705,
    "min": 381.70758031175205,
    "percentiles": {
      "p10": 6600.5907528723765,
      "p25": 9427.858998241243,
      "p50": 11925.4046896103,
      "p75": 13521.21276555141,
      "p90": 14848.424440001065,
      "p95": 15030.502336536987,
      "p99": 15607.697716513705,
      "p99.9": 15607.697716513705,
      "p99.99": 15607.697716513705
    }
  },
  "details": {
    "DNSDialup": {
      "average": 0.00224313204,
      "fastest": 0.000274383,
      "slowest": 0.006204062
    },
    "DNSLookup": {
      "average": 9.694880000000001e-6,
      "fastest": 3.782e-6,
      "slowest": 0.000071303
    },
    "firstByte": {
      "average": null,
      "fastest": null,
      "slowest": null
    }
  },
  "statusCodeDistribution": {
    "200": 10000
  },
  "errorDistribution": {}
}