{
  "summary": {
    "successRate": 1.0,
    "total": 15.003126666,
    "slowest": 0.031051428,
    "fastest": 0.000291981,
    "average": 0.004239255728413323,
    "requestsPerSec": 11781.94411972713,
    "totalData": 2650755,
    "sizePerRequest": 15,
    "sizePerSec": 176680.17200755398
  },
  "responseTimeHistogram": {
    "0.000291981": 1,
    "0.0033679257": 59563,
    "0.0064438704": 100004,
    "0.0095198151": 15229,
    "0.0125957598": 1574,
    "0.015671704499999998": 264,
    "0.0187476492": 26,
    "0.0218235939": 23,
    "0.0248995386": 9,
    "0.0279754833": 10,
    "0.031051428": 14
  },
  "latencyPercentiles": {
    "p10": 0.002394089,
    "p25": 0.003051606,
    "p50": 0.003955646,
    "p75": 0.005115518,
    "p90": 0.006403199,
    "p95": 0.007339269,
    "p99": 0.009640537,
    "p99.9": 0.013931325,
    "p99.99": 0.027385207
  },
  "firstByteHistogram": {
    "0.000291481": 1,
    "0.0033674482000000004": 59571,
    "0.0064434154": 100000,
    "0.009519382600000001": 15225,
    "0.0125953498": 1574,
    "0.015671317": 264,
    "0.018747284200000002": 26,
    "0.0218232514": 23,
    "0.024899218600000002": 9,
    "0.027975185800000003": 10,
    "0.031051153": 14
  },
  "firstBytePercentiles": {
    "p10": 0.002393358,
    "p25": 0.003050944,
    "p50": 0.003954976,
    "p75": 0.005114885,
    "p90": 0.006402572,
    "p95": 0.00733863,
    "p99": 0.009640217,
    "p99.9": 0.013931071,
    "p99.99": 0.02738433
  },
  "rps": {
    "mean": 11789.131976019853,
    "stddev": 2516.291672373703,
    "max": 17685.284108047996,
    "min": 58.99676125479739,
    "percentiles": {
      "p10": 8255.529323640176,
      "p25": 10262.485204467632,
      "p50": 12156.279898138708,
      "p75": 13658.873183432906,
      "p90": 14731.12468706498,
      "p95": 15297.518577404113,
      "p99": 16381.36867745611,
      "p99.9": 17613.834081425746,
      "p99.99": 17685.284108047996
    }
  },
  "details": {
    "DNSDialup": {
      "average": 0.00079686072,
      "fastest": 0.000254968,
      "slowest": 0.006480201
    },
    "DNSLookup": {
      "average": 9.389560000000001e-6,
      "fastest": 3.987e-6,
      "slowest": 0.000057687
    },
    "firstByte": {
      "average": 0.0042386248151338,
      "fastest": 0.000291481,
      "slowest": 0.031051153
    }
  },
  "statusCodeDistribution": {
    "200": 176717
  },
  "errorDistribution": {
    "aborted due to deadline": 49
  }
}