{
  "summary": {
    "successRate": 1.0,
    "total": 15.032786285,
    "slowest": 0.280133542,
    "fastest": 0.003998682,
    "average": 0.05250324488535658,
    "requestsPerSec": 9509.547817003373,
    "totalData": 2137155,
    "sizePerRequest": 15,
    "sizePerSec": 142166.2597659952
  },
  "responseTimeHistogram": {
    "0.003998682": 1,
    "0.031612168": 26681,
    "0.059225654": 66818,
    "0.08683914000000001": 39200,
    "0.11445262600000002": 8150,
    "0.14206611200000002": 1212,
    "0.16967959800000001": 265,
    "0.19729308400000004": 82,
    "0.22490657000000003": 43,
    "0.252520056": 15,
    "0.280133542": 10
  },
  "latencyPercentiles": {
    "p10": 0.024133536,
    "p25": 0.03650716,
    "p50": 0.05047083,
    "p75": 0.066142494,
    "p90": 0.081051401,
    "p95": 0.091513591,
    "p99": 0.117117921,
    "p99.9": 0.171216489,
    "p99.99": 0.247454039
  },
  "firstByteHistogram": {
    "0.003998024": 1,
    "0.03161152280000001": 26681,
    "0.05922502160000001": 66818,
    "0.08683852040000002": 39200,
    "0.11445201920000002": 8150,
    "0.142065518": 1212,
    "0.16967901680000003": 265,
    "0.19729251560000002": 82,
    "0.22490601440000002": 43,
    "0.25251951320000005": 15,
    "0.280133012": 10
  },
  "firstBytePercentiles": {
    "p10": 0.024132909,
    "p25": 0.036506427,
    "p50": 0.050470474,
    "p75": 0.066141627,
    "p90": 0.081051134,
    "p95": 0.091513337,
    "p99": 0.117117363,
    "p99.9": 0.171215657,
    "p99.99": 0.247453414
  },
  "rps": {
    "mean": 9539.609986033458,
    "stddev": 4866.656631142919,
    "max": 143088.810448127,
    "min": 28.81139290061925,
    "percentiles": {
      "p10": 4903.5344676441555,
      "p25": 7203.822348137943,
      "p50": 9314.871191859042,
      "p75": 11772.589788637075,
      "p90": 14026.955600578185,
      "p95": 15391.130716633072,
      "p99": 17921.294081628006,
      "p99.9": 29331.557584982183,
      "p99.99": 143088.810448127
    }
  },
  "details": {
    "DNSDialup": {
      "average": 0.015854275065999974,
      "fastest": 0.00195185,
      "slowest": 0.036866227
    },
    "DNSLookup": {
      "average": 5.799954000000001e-6,
      "fastest": 3.985e-6,
      "slowest": 0.000063376
    },
    "firstByte": {
      "average": 0.05250255578322796,
      "fastest": 0.003998024,
      "slowest": 0.280133012
    }
  },
  "statusCodeDistribution": {
    "200": 142477
  },
  "errorDistribution": {
    "aborted due to deadline": 478
  }
}