{
  "summary": {
    "successRate": 1.0,
    "total": 15.005194515,
    "slowest": 0.036450634,
    "fastest": 0.000336484,
    "average": 0.008028754193387527,
    "requestsPerSec": 12441.558142640313,
    "totalData": 2798835,
    "sizePerRequest": 15,
    "sizePerSec": 186524.40641153528
  },
  "responseTimeHistogram": {
    "0.000336484": 1,
    "0.003947899": 6862,
    "0.007559314000000001": 81650,
    "0.011170729000000003": 76428,
    "0.014782144000000002": 18011,
    "0.018393559000000004": 2902,
    "0.022004974000000007": 521,
    "0.025616389000000007": 117,
    "0.029227804000000007": 64,
    "0.032839219": 26,
    "0.036450634": 7
  },
  "latencyPercentiles": {
    "p10": 0.00487219,
    "p25": 0.006141622,
    "p50": 0.007722742,
    "p75": 0.009543665,
    "p90": 0.011479966,
    "p95": 0.012903637,
    "p99": 0.016085987,
    "p99.9": 0.022672743,
    "p99.99": 0.030522617
  },
  "firstByteHistogram": {
    "0.000336239": 1,
    "0.0039476276": 6866,
    "0.0075590162": 81653,
    "0.0111704048": 76423,
    "0.0147817934": 18010,
    "0.018393181999999998": 2901,
    "0.0220045706": 521,
    "0.025615959199999996": 117,
    "0.029227347799999998": 64,
    "0.0328387364": 26,
    "0.036450125": 7
  },
  "firstBytePercentiles": {
    "p10": 0.00487186,
    "p25": 0.006141008,
    "p50": 0.007722048,
    "p75": 0.009543115,
    "p90": 0.011479448,
    "p95": 0.012903243,
    "p99": 0.016085474,
    "p99.9": 0.022672509,
    "p99.99": 0.030522016
  },
  "rps": {
    "mean": 12462.932676963386,
    "stddev": 2576.657034875722,
    "max": 20113.82825692788,
    "min": 36.87907440013973,
    "percentiles": {
      "p10": 9180.838134541109,
      "p25": 11007.071503878939,
      "p50": 12507.125187468624,
      "p75": 14225.802761047898,
      "p90": 15588.56173693983,
      "p95": 16350.36314490286,
      "p99": 18113.225543593093,
      "p99.9": 20020.59193982606,
      "p99.99": 20113.82825692788
    }
  },
  "details": {
    "DNSDialup": {
      "average": 0.004079204370000001,
      "fastest": 0.000428862,
      "slowest": 0.008861341
    },
    "DNSLookup": {
      "average": 6.90113e-6,
      "fastest": 3.847e-6,
      "slowest": 0.000054548
    },
    "firstByte": {
      "average": 0.008028175305494772,
      "fastest": 0.000336239,
      "slowest": 0.036450125
    }
  },
  "statusCodeDistribution": {
    "200": 186589
  },
  "errorDistribution": {
    "aborted due to deadline": 99
  }
}