{
  "summary": {
    "successRate": 1.0,
    "total": 15.038666855,
    "slowest": 0.321422156,
    "fastest": 0.004520629,
    "average": 0.10778628877860505,
    "requestsPerSec": 9259.464375574133,
    "totalData": 2073840,
    "sizePerRequest": 15,
    "sizePerSec": 137900.52136905323
  },
  "responseTimeHistogram": {
    "0.004520629": 1,
    "0.0362107817": 28082,
    "0.0679009344": 10757,
    "0.0995910871": 19382,
    "0.1312812398": 39093,
    "0.1629713925": 11757,
    "0.1946615452": 16575,
    "0.2263516979": 8150,
    "0.2580418506": 2833,
    "0.2897320033": 1382,
    "0.321422156": 244
  },
  "latencyPercentiles": {
    "p10": 0.0259985,
    "p25": 0.045670479,
    "p50": 0.105995314,
    "p75": 0.147853985,
    "p90": 0.192044907,
    "p95": 0.211511721,
    "p99": 0.26110844,
    "p99.9": 0.294930997,
    "p99.99": 0.312446142
  },
  "firstByteHistogram": {
    "0.004520243": 1,
    "0.0362103898": 28082,
    "0.0679005366": 10757,
    "0.09959068339999999": 19383,
    "0.1312808302": 39092,
    "0.162970977": 11758,
    "0.1946611238": 16575,
    "0.22635127060000002": 8149,
    "0.2580414174": 2833,
    "0.28973156419999996": 1382,
    "0.32142171099999994": 244
  },
  "firstBytePercentiles": {
    "p10": 0.025997873,
    "p25": 0.045670219,
    "p50": 0.105994733,
    "p75": 0.147853386,
    "p90": 0.192044197,
    "p95": 0.211510973,
    "p99": 0.261108127,
    "p99.9": 0.294930395,
    "p99.99": 0.312445655
  },
  "rps": {
    "mean": 9213.710261006729,
    "stddev": 3366.101456107924,
    "max": 23999.55693125625,
    "min": 15.80891423886931,
    "percentiles": {
      "p10": 5015.694610004266,
      "p25": 7049.693287986329,
      "p50": 9042.245370369565,
      "p75": 11214.535498503157,
      "p90": 13514.885991345756,
      "p95": 14990.653538654547,
      "p99": 17561.440793695325,
      "p99.9": 23743.223204179583,
      "p99.99": 23999.55693125625
    }
  },
  "details": {
    "DNSDialup": {
      "average": 0.023855926215000028,
      "fastest": 0.004534068,
      "slowest": 0.062264957
    },
    "DNSLookup": {
      "average": 7.84529199999998e-6,
      "fastest": 3.815e-6,
      "slowest": 0.002079199
    },
    "firstByte": {
      "average": 0.10778564255233804,
      "fastest": 0.004520243,
      "slowest": 0.321421711
    }
  },
  "statusCodeDistribution": {
    "200": 138256
  },
  "errorDistribution": {
    "aborted due to deadline": 994
  }
}