{
  "summary": {
    "successRate": 1.0,
    "total": 15.003736936,
    "slowest": 0.006055512,
    "fastest": 0.000293287,
    "average": 0.00036727502523118256,
    "requestsPerSec": 2681.2653521986545,
    "totalData": 603420,
    "sizePerRequest": 15,
    "sizePerSec": 40217.98053204684
  },
  "responseTimeHistogram": {
    "0.000293287": 1,
    "0.0008695095": 39806,
    "0.001445732": 258,
    "0.0020219545": 81,
    "0.002598177": 52,
    "0.0031743995000000002": 20,
    "0.003750622": 5,
    "0.0043268444999999996": 3,
    "0.004903067": 0,
    "0.0054792895": 0,
    "0.006055512": 2
  },
  "latencyPercentiles": {
    "p10": 0.000315661,
    "p25": 0.000321791,
    "p50": 0.000334146,
    "p75": 0.000364354,
    "p90": 0.000421295,
    "p95": 0.000488368,
    "p99": 0.000895843,
    "p99.9": 0.002458393,
    "p99.99": 0.003819169
  },
  "firstByteHistogram": {
    "0.000292678": 1,
    "0.0008687736": 39807,
    "0.0014448692": 257,
    "0.0020209648": 82,
    "0.0025970604": 51,
    "0.003173156": 20,
    "0.0037492515999999997": 5,
    "0.0043253472": 3,
    "0.0049014428": 0,
    "0.0054775384": 0,
    "0.006053634": 2
  },
  "firstBytePercentiles": {
    "p10": 0.000314958,
    "p25": 0.000321084,
    "p50": 0.000333426,
    "p75": 0.000363553,
    "p90": 0.000420427,
    "p95": 0.00048717,
    "p99": 0.000894412,
    "p99.9": 0.00245682,
    "p99.99": 0.003817341
  },
  "rps": {
    "mean": 2678.191121152174,
    "stddev": 480.77386110893434,
    "max": 3153.8032527311393,
    "min": 417.6306975267739,
    "percentiles": {
      "p10": 1948.3760337032477,
      "p25": 2531.3912769472804,
      "p50": 2872.369345663806,
      "p75": 3004.975337666213,
      "p90": 3050.4619619591626,
      "p95": 3069.1089680998243,
      "p99": 3096.1867570309155,
      "p99.9": 3150.549623544908,
      "p99.99": 3153.8032527311393
    }
  },
  "details": {
    "DNSDialup": {
      "average": 0.000925327,
      "fastest": 0.000925327,
      "slowest": 0.000925327
    },
    "DNSLookup": {
      "average": 0.000068314,
      "fastest": 0.000068314,
      "slowest": 0.000068314
    },
    "firstByte": {
      "average": 0.0003664784055135708,
      "fastest": 0.000292678,
      "slowest": 0.006053634
    }
  },
  "statusCodeDistribution": {
    "200": 40228
  },
  "errorDistribution": {
    "aborted due to deadline": 1
  }
}