{
  "summary": {
    "successRate": 1.0,
    "total": 15.00220923,
    "slowest": 0.012038244,
    "fastest": 0.000253131,
    "average": 0.0011320278361694437,
    "requestsPerSec": 8794.571384604,
    "totalData": 1978935,
    "sizePerRequest": 15,
    "sizePerSec": 131909.5720944028
  },
  "responseTimeHistogram": {
    "0.000253131": 1,
    "0.0014316423": 108183,
    "0.0026101536000000002": 19089,
    "0.0037886649000000005": 3671,
    "0.0049671762": 763,
    "0.0061456875": 151,
    "0.007324198800000001": 43,
    "0.0085027101": 12,
    "0.0096812214": 10,
    "0.010859732700000001": 3,
    "0.012038244": 3
  },
  "latencyPercentiles": {
    "p10": 0.000618956,
    "p25": 0.000769121,
    "p50": 0.000986852,
    "p75": 0.001273821,
    "p90": 0.001779224,
    "p95": 0.002307765,
    "p99": 0.003569856,
    "p99.9": 0.005496106,
    "p99.99": 0.009016049
  },
  "firstByteHistogram": {
    "0.000252592": 1,
    "0.0014310229": 108190,
    "0.0026094537999999997": 19086,
    "0.0037878846999999994": 3668,
    "0.0049663156": 762,
    "0.0061447465": 151,
    "0.007323177399999999": 43,
    "0.0085016083": 12,
    "0.009680039199999999": 10,
    "0.010858470099999998": 3,
    "0.012036901": 3
  },
  "firstBytePercentiles": {
    "p10": 0.000618216,
    "p25": 0.000768439,
    "p50": 0.000986194,
    "p75": 0.001273025,
    "p90": 0.001778403,
    "p95": 0.002307491,
    "p99": 0.003569047,
    "p99.9": 0.005495799,
    "p99.99": 0.009015218
  },
  "rps": {
    "mean": 8777.626980334484,
    "stddev": 2206.349429896073,
    "max": 12750.584401785227,
    "min": 923.1781412751961,
    "percentiles": {
      "p10": 5406.318905536822,
      "p25": 7201.110796696393,
      "p50": 9303.684916552656,
      "p75": 10523.188154602984,
      "p90": 11237.553656811704,
      "p95": 11628.010162881083,
      "p99": 12211.206321296973,
      "p99.9": 12693.806498863714,
      "p99.99": 12750.584401785227
    }
  },
  "details": {
    "DNSDialup": {
      "average": 0.0002875914,
      "fastest": 0.000100685,
      "slowest": 0.001225701
    },
    "DNSLookup": {
      "average": 0.0000282832,
      "fastest": 5.642e-6,
      "slowest": 0.000072755
    },
    "firstByte": {
      "average": 0.0011312989721213359,
      "fastest": 0.000252592,
      "slowest": 0.012036901
    }
  },
  "statusCodeDistribution": {
    "200": 131929
  },
  "errorDistribution": {
    "aborted due to deadline": 9
  }
}