{
  "summary": {
    "successRate": 1.0,
    "total": 30.005546345,
    "slowest": 0.066085296,
    "fastest": 0.009625453,
    "average": 0.02924308204808398,
    "requestsPerSec": 3419.6011237468438,
    "totalData": 1332604,
    "sizePerRequest": 13,
    "sizePerSec": 44411.92253851627
  },
  "responseTimeHistogram": {
    "0.009625453": 1,
    "0.015271437300000001": 191,
    "0.0209174216": 5048,
    "0.026563405900000003": 29454,
    "0.0322093902": 41227,
    "0.037855374500000004": 18639,
    "0.0435013588": 5690,
    "0.0491473431": 1727,
    "0.0547933274": 425,
    "0.060439311700000005": 85,
    "0.066085296": 21
  },
  "latencyPercentiles": {
    "p10": 0.022533916,
    "p25": 0.02536731,
    "p50": 0.028607924,
    "p75": 0.032395342,
    "p90": 0.036679858,
    "p95": 0.039803675,
    "p99": 0.046827692,
    "p99.9": 0.05492419,
    "p99.99": 0.061922738
  },
  "firstByteHistogram": {
    "0.009624669": 1,
    "0.0152706983": 191,
    "0.020916727599999997": 5048,
    "0.026562756899999998": 29455,
    "0.0322087862": 41227,
    "0.0378548155": 18639,
    "0.043500844799999994": 5689,
    "0.049146874099999995": 1727,
    "0.054792903399999995": 425,
    "0.060438932699999996": 85,
    "0.066084962": 21
  },
  "firstBytePercentiles": {
    "p10": 0.02253342,
    "p25": 0.025366598,
    "p50": 0.028607114,
    "p75": 0.032394506,
    "p90": 0.036679113,
    "p95": 0.03980265,
    "p99": 0.046827031,
    "p99.9": 0.05492369,
    "p99.99": 0.06192197
  },
  "rps": {
    "mean": 3413.992774798628,
    "stddev": 1130.0221872508096,
    "max": 7996.855824451116,
    "min": 57.508439938645395,
    "percentiles": {
      "p10": 1938.315687660756,
      "p25": 2624.446530471138,
      "p50": 3357.8988116080445,
      "p75": 4197.434969581846,
      "p90": 4954.259285081863,
      "p95": 5351.286938966449,
      "p99": 5953.653004808985,
      "p99.9": 6928.103157648733,
      "p99.99": 7996.855824451116
    }
  },
  "details": {
    "DNSDialup": {
      "average": 0.001783758279999999,
      "fastest": 0.000094425,
      "slowest": 0.007304739
    },
    "DNSLookup": {
      "average": 0.000014584735,
      "fastest": 3.972e-6,
      "slowest": 0.000118719
    },
    "firstByte": {
      "average": 0.029242264683849127,
      "fastest": 0.009624669,
      "slowest": 0.066084962
    }
  },
  "statusCodeDistribution": {
    "200": 102508
  },
  "errorDistribution": {
    "aborted due to deadline": 99
  }
}