{
  "summary": {
    "successRate": 1.0,
    "total": 30.007070284,
    "slowest": 0.074031012,
    "fastest": 0.00644058,
    "average": 0.029364497206529568,
    "requestsPerSec": 3404.6309430772417,
    "totalData": 1735071,
    "sizePerRequest": 17,
    "sizePerSec": 57822.07271748062
  },
  "responseTimeHistogram": {
    "0.00644058": 1,
    "0.0131996232": 51,
    "0.0199586664": 3337,
    "0.0267177096": 32070,
    "0.033476752799999995": 45001,
    "0.040235796": 16690,
    "0.0469948392": 3821,
    "0.053753882399999994": 812,
    "0.060512925599999996": 203,
    "0.0672719688": 60,
    "0.074031012": 17
  },
  "latencyPercentiles": {
    "p10": 0.02240445,
    "p25": 0.025295766,
    "p50": 0.028776928,
    "p75": 0.032648167,
    "p90": 0.036948898,
    "p95": 0.040054924,
    "p99": 0.047275947,
    "p99.9": 0.059427109,
    "p99.99": 0.06898098
  },
  "firstByteHistogram": {
    "0.006439866": 1,
    "0.013198897599999999": 51,
    "0.0199579292": 3338,
    "0.026716960799999998": 32070,
    "0.0334759924": 45000,
    "0.040235024": 16691,
    "0.0469940556": 3820,
    "0.0537530872": 812,
    "0.0605121188": 203,
    "0.0672711504": 60,
    "0.074030182": 17
  },
  "firstBytePercentiles": {
    "p10": 0.022403851,
    "p25": 0.025294908,
    "p50": 0.028776192,
    "p75": 0.032647256,
    "p90": 0.03694729,
    "p95": 0.040054137,
    "p99": 0.047274951,
    "p99.9": 0.059426435,
    "p99.99": 0.06898037
  },
  "rps": {
    "mean": 3407.6654466449572,
    "stddev": 1147.4089585778431,
    "max": 7627.82930888551,
    "min": 18.050980735054708,
    "percentiles": {
      "p10": 1972.0328762530498,
      "p25": 2599.405009875183,
      "p50": 3342.155545860134,
      "p75": 4185.392272671268,
      "p90": 4999.075714370964,
      "p95": 5429.203089277846,
      "p99": 6066.954468278538,
      "p99.9": 6960.021973298465,
      "p99.99": 7627.82930888551
    }
  },
  "details": {
    "DNSDialup": {
      "average": 0.001349828050761421,
      "fastest": 0.000100707,
      "slowest": 0.011759467
    },
    "DNSLookup": {
      "average": 0.000015465203045685288,
      "fastest": 3.882e-6,
      "slowest": 0.000169698
    },
    "firstByte": {
      "average": 0.029363656786709984,
      "fastest": 0.006439866,
      "slowest": 0.074030182
    }
  },
  "statusCodeDistribution": {
    "200": 102063
  },
  "errorDistribution": {
    "aborted due to deadline": 100
  }
}