{
  "summary": {
    "successRate": 1.0,
    "total": 2.677340871,
    "slowest": 0.037561223,
    "fastest": 0.002322221,
    "average": 0.013344629453900053,
    "requestsPerSec": 3735.0492454346877,
    "totalData": 20000,
    "sizePerRequest": 2,
    "sizePerSec": 7470.098490869375
  },
  "responseTimeHistogram": {
    "0.002322221": 1,
    "0.0058461212": 128,
    "0.009370021400000001": 1247,
    "0.0128939216": 3385,
    "0.0164178218": 3475,
    "0.019941722": 1277,
    "0.0234656222": 332,
    "0.0269895224": 91,
    "0.0305134226": 23,
    "0.0340373228": 21,
    "0.037561223": 20
  },
  "latencyPercentiles": {
    "p10": 0.008764796,
    "p25": 0.010801323,
    "p50": 0.013098338,
    "p75": 0.015474714,
    "p90": 0.018010244,
    "p95": 0.019910999,
    "p99": 0.024999658,
    "p99.9": 0.036707698,
    "p99.99": 0.037456191
  },
  "firstByteHistogram": {
    "0.002321405": 1,
    "0.005845359": 128,
    "0.009369313": 1247,
    "0.012893267000000002": 3386,
    "0.016417221": 3474,
    "0.019941175": 1277,
    "0.023465129": 332,
    "0.026989083": 91,
    "0.030513037": 23,
    "0.034036991": 21,
    "0.037560945": 20
  },
  "firstBytePercentiles": {
    "p10": 0.008764051,
    "p25": 0.010800938,
    "p50": 0.013095741,
    "p75": 0.015470763,
    "p90": 0.018009619,
    "p95": 0.019910468,
    "p99": 0.024998543,
    "p99.9": 0.036707513,
    "p99.99": 0.037455951
  },
  "rps": {
    "mean": 3817.076472040507,
    "stddev": 1502.979229190775,
    "max": 8096.716247178497,
    "min": 32.00380666077946,
    "percentiles": {
      "p10": 1824.5730071529272,
      "p25": 2687.3354459235516,
      "p50": 3838.0005552307407,
      "p75": 4898.601553482077,
      "p90": 5701.14961401496,
      "p95": 6213.67794556923,
      "p99": 7624.04877162668,
      "p99.9": 8096.716247178497,
      "p99.99": 8096.716247178497
    }
  },
  "details": {
    "DNSDialup": {
      "average": 0.007581212179999998,
      "fastest": 0.000245408,
      "slowest": 0.009138781
    },
    "DNSLookup": {
      "average": 0.00001011296,
      "fastest": 3.968e-6,
      "slowest": 0.000080102
    },
    "firstByte": {
      "average": 0.013343536193299994,
      "fastest": 0.002321405,
      "slowest": 0.037560945
    }
  },
  "statusCodeDistribution": {
    "200": 10000
  },
  "errorDistribution": {}
}