{
  "summary": {
    "successRate": 1.0,
    "total": 15.004780413,
    "slowest": 0.046175081,
    "fastest": 0.001385352,
    "average": 0.014038417273802244,
    "requestsPerSec": 3559.998782369385,
    "totalData": 800505,
    "sizePerRequest": 15,
    "sizePerSec": 53349.997665174094
  },
  "responseTimeHistogram": {
    "0.001385352": 1,
    "0.0058643249000000005": 473,
    "0.0103432978": 8757,
    "0.014822270700000001": 23929,
    "0.0193012436": 15138,
    "0.0237802165": 3904,
    "0.028259189400000002": 801,
    "0.0327381623": 216,
    "0.0372171352": 103,
    "0.041696108100000004": 36,
    "0.046175081": 9
  },
  "latencyPercentiles": {
    "p10": 0.009261974,
    "p25": 0.011226712,
    "p50": 0.013639088,
    "p75": 0.016317721,
    "p90": 0.019142771,
    "p95": 0.021257207,
    "p99": 0.026692365,
    "p99.9": 0.0368007,
    "p99.99": 0.043006519
  },
  "firstByteHistogram": {
    "0.001384636": 1,
    "0.0058635886": 473,
    "0.0103425412": 8757,
    "0.0148214938": 23930,
    "0.0193004464": 15137,
    "0.023779399": 3905,
    "0.028258351600000002": 800,
    "0.0327373042": 216,
    "0.0372162568": 102,
    "0.0416952094": 37,
    "0.046174162": 9
  },
  "firstBytePercentiles": {
    "p10": 0.009261213,
    "p25": 0.011226011,
    "p50": 0.013638363,
    "p75": 0.016316809,
    "p90": 0.019142172,
    "p95": 0.021256981,
    "p99": 0.02669147,
    "p99.9": 0.036800066,
    "p99.99": 0.043005682
  },
  "rps": {
    "mean": 3603.9322704915207,
    "stddev": 1442.1133086624466,
    "max": 10164.941542130899,
    "min": 76.2228818042261,
    "percentiles": {
      "p10": 1790.4193318735863,
      "p25": 2596.301851245965,
      "p50": 3621.6861183977085,
      "p75": 4555.000261658933,
      "p90": 5375.053117411914,
      "p95": 5791.135261064417,
      "p99": 7432.752623851932,
      "p99.9": 9730.272864651546,
      "p99.99": 10164.941542130899
    }
  },
  "details": {
    "DNSDialup": {
      "average": 0.0040490235299999984,
      "fastest": 0.00009227,
      "slowest": 0.010224449
    },
    "DNSLookup": {
      "average": 0.000016237850000000002,
      "fastest": 3.98e-6,
      "slowest": 0.000182089
    },
    "firstByte": {
      "average": 0.014037641621582716,
      "fastest": 0.001384636,
      "slowest": 0.046174162
    }
  },
  "statusCodeDistribution": {
    "200": 53367
  },
  "errorDistribution": {
    "aborted due to deadline": 50
  }
}