{
  "summary": {
    "successRate": 1.0,
    "total": 15.017289461,
    "slowest": 0.277341447,
    "fastest": 0.053490833,
    "average": 0.1504141887190274,
    "requestsPerSec": 3329.695424054928,
    "totalData": 742545,
    "sizePerRequest": 15,
    "sizePerSec": 49446.00701267657
  },
  "responseTimeHistogram": {
    "0.053490833": 1,
    "0.0758758944": 8,
    "0.0982609558": 18,
    "0.1206460172": 21,
    "0.1430310786": 17460,
    "0.16541614": 24590,
    "0.1878012014": 6564,
    "0.21018626280000002": 665,
    "0.23257132419999998": 62,
    "0.2549563856": 49,
    "0.277341447": 65
  },
  "latencyPercentiles": {
    "p10": 0.137207144,
    "p25": 0.140931291,
    "p50": 0.146242779,
    "p75": 0.156228022,
    "p90": 0.170939303,
    "p95": 0.178012062,
    "p99": 0.192829477,
    "p99.9": 0.258373408,
    "p99.99": 0.273856123
  },
  "firstByteHistogram": {
    "0.053489023": 1,
    "0.0758741695": 8,
    "0.098259316": 18,
    "0.1206444625": 21,
    "0.143029609": 17456,
    "0.1654147555": 24593,
    "0.187799902": 6565,
    "0.2101850485": 665,
    "0.232570195": 62,
    "0.2549553415": 49,
    "0.277340488": 65
  },
  "firstBytePercentiles": {
    "p10": 0.137206497,
    "p25": 0.140930471,
    "p50": 0.146241402,
    "p75": 0.156227186,
    "p90": 0.17093856,
    "p95": 0.178011058,
    "p99": 0.192828914,
    "p99.9": 0.25837266,
    "p99.99": 0.273855363
  },
  "rps": {
    "mean": 3313.7975913055348,
    "stddev": 1100.429708676695,
    "max": 7305.174507974744,
    "min": 13.66306181809964,
    "percentiles": {
      "p10": 1931.8205619321955,
      "p25": 2586.8183263379497,
      "p50": 3261.815846358281,
      "p75": 4025.53053395878,
      "p90": 4837.407186028845,
      "p95": 5176.256826848967,
      "p99": 5828.851649896317,
      "p99.9": 6766.393115216372,
      "p99.99": 7305.174507974744
    }
  },
  "details": {
    "DNSDialup": {
      "average": 0.016585029600000026,
      "fastest": 0.002092843,
      "slowest": 0.050764852
    },
    "DNSLookup": {
      "average": 5.488323999999994e-6,
      "fastest": 3.448e-6,
      "slowest": 0.000084562
    },
    "firstByte": {
      "average": 0.15041338463792048,
      "fastest": 0.053489023,
      "slowest": 0.277340488
    }
  },
  "statusCodeDistribution": {
    "200": 49503
  },
  "errorDistribution": {
    "aborted due to deadline": 500
  }
}