{
  "summary": {
    "successRate": 1.0,
    "total": 15.001891856,
    "slowest": 0.032196043,
    "fastest": 0.000702936,
    "average": 0.0008928682887623576,
    "requestsPerSec": 1112.2597176519735,
    "totalData": 250275,
    "sizePerRequest": 15,
    "sizePerSec": 16682.89589088743
  },
  "responseTimeHistogram": {
    "0.000702936": 1,
    "0.0038522467": 16666,
    "0.0070015574": 15,
    "0.0101508681": 1,
    "0.0133001788": 1,
    "0.0164494895": 0,
    "0.019598800200000002": 0,
    "0.0227481109": 0,
    "0.0258974216": 0,
    "0.029046732300000003": 0,
    "0.032196043": 1
  },
  "latencyPercentiles": {
    "p10": 0.000763989,
    "p25": 0.00078218,
    "p50": 0.000820175,
    "p75": 0.00089355,
    "p90": 0.001012811,
    "p95": 0.001203203,
    "p99": 0.002360698,
    "p99.9": 0.003888042,
    "p99.99": 0.011153615
  },
  "firstByteHistogram": {
    "0.00070227": 1,
    "0.0038514465000000007": 16666,
    "0.007000623000000001": 15,
    "0.010149799500000002": 1,
    "0.013298976000000002": 1,
    "0.016448152500000004": 0,
    "0.019597329000000007": 0,
    "0.022746505500000007": 0,
    "0.025895682000000007": 0,
    "0.029044858500000006": 0,
    "0.032194035": 1
  },
  "firstBytePercentiles": {
    "p10": 0.000763278,
    "p25": 0.000781433,
    "p50": 0.000819401,
    "p75": 0.000892752,
    "p90": 0.001011879,
    "p95": 0.001202297,
    "p99": 0.002359562,
    "p99.9": 0.003885961,
    "p99.99": 0.011152021
  },
  "rps": {
    "mean": 1112.2056257931058,
    "stddev": 187.90830829975133,
    "max": 1322.0529000145193,
    "min": 30.43236138356105,
    "percentiles": {
      "p10": 870.4649185772533,
      "p25": 1045.6654656850174,
      "p50": 1149.118375489242,
      "p75": 1250.7461482491462,
      "p90": 1281.3219141925092,
      "p95": 1291.838198557326,
      "p99": 1308.413359584796,
      "p99.9": 1320.8497453146758,
      "p99.99": 1322.0529000145193
    }
  },
  "details": {
    "DNSDialup": {
      "average": 0.00015741723529411763,
      "fastest": 0.000126935,
      "slowest": 0.000279176
    },
    "DNSLookup": {
      "average": 0.00003293923529411764,
      "fastest": 0.000026961,
      "slowest": 0.000055628
    },
    "firstByte": {
      "average": 0.0008920258869044062,
      "fastest": 0.00070227,
      "slowest": 0.032194035
    }
  },
  "statusCodeDistribution": {
    "200": 16685
  },
  "errorDistribution": {
    "aborted due to deadline": 1
  }
}