{
  "summary": {
    "successRate": 1.0,
    "total": 15.00200749,
    "slowest": 0.032685252,
    "fastest": 0.000883937,
    "average": 0.0036503038072955994,
    "requestsPerSec": 2734.3673856544647,
    "totalData": 615165,
    "sizePerRequest": 15,
    "sizePerSec": 41005.51212296455
  },
  "responseTimeHistogram": {
    "0.000883937": 1,
    "0.0040640685": 28359,
    "0.007244199999999999": 11826,
    "0.0104243315": 744,
    "0.013604462999999999": 58,
    "0.0167845945": 9,
    "0.019964726000000002": 9,
    "0.0231448575": 1,
    "0.026324989": 3,
    "0.0295051205": 0,
    "0.032685252": 1
  },
  "latencyPercentiles": {
    "p10": 0.002149817,
    "p25": 0.00271129,
    "p50": 0.003422536,
    "p75": 0.004319072,
    "p90": 0.005386477,
    "p95": 0.006170509,
    "p99": 0.008117127,
    "p99.9": 0.01184952,
    "p99.99": 0.020286293
  },
  "firstByteHistogram": {
    "0.000883215": 1,
    "0.0040633645": 28359,
    "0.0072435139999999995": 11827,
    "0.0104236635": 743,
    "0.013603813": 58,
    "0.0167839625": 9,
    "0.019964112": 9,
    "0.0231442615": 1,
    "0.026324411": 3,
    "0.0295045605": 0,
    "0.03268471": 1
  },
  "firstBytePercentiles": {
    "p10": 0.002148819,
    "p25": 0.00271039,
    "p50": 0.003421799,
    "p75": 0.00431856,
    "p90": 0.005385894,
    "p95": 0.006170188,
    "p99": 0.008116209,
    "p99.9": 0.01184844,
    "p99.99": 0.020285261
  },
  "rps": {
    "mean": 2734.038895800169,
    "stddev": 507.7685487946822,
    "max": 4282.326209977456,
    "min": 403.887538726465,
    "percentiles": {
      "p10": 2071.449113299062,
      "p25": 2458.353192217765,
      "p50": 2788.7678758731536,
      "p75": 3082.140524402653,
      "p90": 3329.8790622371903,
      "p95": 3479.2490519316675,
      "p99": 3714.693206765726,
      "p99.9": 3910.554586830048,
      "p99.99": 4282.326209977456
    }
  },
  "details": {
    "DNSDialup": {
      "average": 0.00016943510000000004,
      "fastest": 0.000097041,
      "slowest": 0.000432135
    },
    "DNSLookup": {
      "average": 0.00002592366,
      "fastest": 5.099e-6,
      "slowest": 0.00007476
    },
    "firstByte": {
      "average": 0.0036494458749359955,
      "fastest": 0.000883215,
      "slowest": 0.03268471
    }
  },
  "statusCodeDistribution": {
    "200": 41011
  },
  "errorDistribution": {
    "aborted due to deadline": 10
  }
}