{
  "summary": {
    "successRate": 1.0,
    "total": 15.007081087,
    "slowest": 0.089235165,
    "fastest": 0.005978706,
    "average": 0.02930730201155051,
    "requestsPerSec": 3410.390048757388,
    "totalData": 766200,
    "sizePerRequest": 15,
    "sizePerSec": 51055.89791633276
  },
  "responseTimeHistogram": {
    "0.005978706": 1,
    "0.014304351900000001": 100,
    "0.022629997800000003": 5309,
    "0.030955643700000004": 28309,
    "0.039281289600000005": 14404,
    "0.0476069355": 2419,
    "0.05593258140000001": 422,
    "0.06425822730000001": 97,
    "0.07258387320000001": 18,
    "0.08090951910000001": 0,
    "0.089235165": 1
  },
  "latencyPercentiles": {
    "p10": 0.022478867,
    "p25": 0.025316298,
    "p50": 0.028677309,
    "p75": 0.032519122,
    "p90": 0.036798102,
    "p95": 0.039923637,
    "p99": 0.048051217,
    "p99.9": 0.05997347,
    "p99.99": 0.066929416
  },
  "firstByteHistogram": {
    "0.005977775": 1,
    "0.014303486800000001": 100,
    "0.0226291986": 5308,
    "0.0309549104": 28310,
    "0.0392806222": 14404,
    "0.04760633399999999": 2419,
    "0.055932045799999996": 422,
    "0.0642577576": 97,
    "0.0725834694": 18,
    "0.0809091812": 0,
    "0.089234893": 1
  },
  "firstBytePercentiles": {
    "p10": 0.02247826,
    "p25": 0.025315623,
    "p50": 0.028676351,
    "p75": 0.032515141,
    "p90": 0.036797707,
    "p95": 0.039922499,
    "p99": 0.048050685,
    "p99.9": 0.059973144,
    "p99.99": 0.066927786
  },
  "rps": {
    "mean": 3404.1590736901285,
    "stddev": 1172.7658040456183,
    "max": 10534.896185182417,
    "min": 47.972117837558926,
    "percentiles": {
      "p10": 1942.992001110787,
      "p25": 2554.066001560718,
      "p50": 3339.365779555716,
      "p75": 4207.027192479613,
      "p90": 5024.368185700413,
      "p95": 5328.738419168089,
      "p99": 5954.3568773566085,
      "p99.9": 7666.6675185199065,
      "p99.99": 10534.896185182417
    }
  },
  "details": {
    "DNSDialup": {
      "average": 0.004769706119999998,
      "fastest": 0.000398639,
      "slowest": 0.011639293
    },
    "DNSLookup": {
      "average": 6.707640000000002e-6,
      "fastest": 3.76e-6,
      "slowest": 0.000056723
    },
    "firstByte": {
      "average": 0.029306506975391534,
      "fastest": 0.005977775,
      "slowest": 0.089234893
    }
  },
  "statusCodeDistribution": {
    "200": 51080
  },
  "errorDistribution": {
    "aborted due to deadline": 100
  }
}