{
  "summary": {
    "successRate": 1.0,
    "total": 15.025249537,
    "slowest": 0.472073593,
    "fastest": 0.14095267,
    "average": 0.30311540274809123,
    "requestsPerSec": 3320.3441897685134,
    "totalData": 733365,
    "sizePerRequest": 15,
    "sizePerSec": 48808.83995930137
  },
  "responseTimeHistogram": {
    "0.14095267": 1,
    "0.1740647623": 44,
    "0.20717685460000002": 41,
    "0.2402889469": 121,
    "0.27340103920000003": 338,
    "0.30651313150000004": 30536,
    "0.3396252238": 15036,
    "0.3727373161": 2472,
    "0.4058494084": 91,
    "0.4389615007": 71,
    "0.472073593": 140
  },
  "latencyPercentiles": {
    "p10": 0.282110505,
    "p25": 0.287701416,
    "p50": 0.298102448,
    "p75": 0.315386611,
    "p90": 0.331802881,
    "p95": 0.341224255,
    "p99": 0.357923556,
    "p99.9": 0.457362822,
    "p99.99": 0.470944546
  },
  "firstByteHistogram": {
    "0.140952038": 1,
    "0.1740641201": 44,
    "0.2071762022": 41,
    "0.24028828430000002": 121,
    "0.2734003664": 338,
    "0.30651244850000003": 30536,
    "0.33962453060000003": 15036,
    "0.3727366127": 2472,
    "0.4058486948": 91,
    "0.4389607769": 71,
    "0.472072859": 140
  },
  "firstBytePercentiles": {
    "p10": 0.28210989,
    "p25": 0.287700801,
    "p50": 0.298101288,
    "p75": 0.315385888,
    "p90": 0.331802,
    "p95": 0.341223573,
    "p99": 0.357922853,
    "p99.9": 0.457361897,
    "p99.99": 0.470943582
  },
  "rps": {
    "mean": 3301.8790957584743,
    "stddev": 1147.5294504430337,
    "max": 11492.575221777992,
    "min": 6.0086447212815335,
    "percentiles": {
      "p10": 1905.9591719469922,
      "p25": 2512.7214059339876,
      "p50": 3233.27562110173,
      "p75": 4064.9592685996668,
      "p90": 4796.7307151874875,
      "p95": 5248.214835160137,
      "p99": 5942.929622341728,
      "p99.9": 8788.866703102676,
      "p99.99": 11492.575221777992
    }
  },
  "details": {
    "DNSDialup": {
      "average": 0.022531299272000007,
      "fastest": 0.004258191,
      "slowest": 0.069690687
    },
    "DNSLookup": {
      "average": 8.546327000000012e-6,
      "fastest": 3.854e-6,
      "slowest": 0.002778801
    },
    "firstByte": {
      "average": 0.3031145536485682,
      "fastest": 0.140952038,
      "slowest": 0.472072859
    }
  },
  "statusCodeDistribution": {
    "200": 48891
  },
  "errorDistribution": {
    "aborted due to deadline": 998
  }
}