{
  "summary": {
    "successRate": 1.0,
    "total": 30.004596215,
    "slowest": 0.074679199,
    "fastest": 0.000276124,
    "average": 0.00552415806842457,
    "requestsPerSec": 18082.22967282481,
    "totalData": 0,
    "sizePerRequest": 0,
    "sizePerSec": 0.0
  },
  "responseTimeHistogram": {
    "0.000276124": 1,
    "0.0077164315": 452661,
    "0.015156738999999999": 87053,
    "0.0225970465": 2081,
    "0.030037354": 162,
    "0.0374776615": 219,
    "0.044917969": 101,
    "0.0523582765": 128,
    "0.059798584": 18,
    "0.0672388915": 12,
    "0.074679199": 14
  },
  "latencyPercentiles": {
    "p10": 0.00285712,
    "p25": 0.003713329,
    "p50": 0.005001492,
    "p75": 0.006795598,
    "p90": 0.00872567,
    "p95": 0.010160741,
    "p99": 0.013547239,
    "p99.9": 0.028678345,
    "p99.99": 0.04981356
  },
  "firstByteHistogram": {
    "NaN": 0
  },
  "firstBytePercentiles": {
    "p10": null,
    "p25": null,
    "p50": null,
    "p75": null,
    "p90": null,
    "p95": null,
    "p99": null,
    "p99.9": null,
    "p99.99": null
  },
  "rps": {
    "mean": 18112.222535856636,
    "stddev": 5347.3126905376,
    "max": 107192.62515012667,
    "min": 30.183101863652368,
    "percentiles": {
      "p10": 11816.45263208714,
      "p25": 14853.861587500085,
      "p50": 18111.2233275183,
      "p75": 21365.491641528384,
      "p90": 24616.984835335057,
      "p95": 26455.404988506736,
      "p99": 30003.695772960535,
      "p99.9": 33145.24334615128,
      "p99.99": 107192.62515012667
    }
  },
  "details": {
    "DNSDialup": {
      "average": 0.0004985625400000001,
      "fastest": 0.000096771,
      "slowest": 0.002602291
    },
    "DNSLookup": {
      "average": 8.957840000000002e-6,
      "fastest": 1.439e-6,
      "slowest": 0.000172741
    },
    "firstByte": {
      "average": null,
      "fastest": null,
      "slowest": null
    }
  },
  "statusCodeDistribution": {
    "500": 542450
  },
  "errorDistribution": {
    "aborted due to deadline": 100
  }
}