{
  "summary": {
    "successRate": 1.0,
    "total": 30.006907209,
    "slowest": 0.040704086,
    "fastest": 0.00028375,
    "average": 0.006127556912738319,
    "requestsPerSec": 16301.8133322745,
    "totalData": 0,
    "sizePerRequest": 0,
    "sizePerSec": 0.0
  },
  "responseTimeHistogram": {
    "0.00028375": 1,
    "0.0043257836": 129951,
    "0.008367817199999999": 273619,
    "0.012409850799999999": 73629,
    "0.0164518844": 10179,
    "0.020493918": 1323,
    "0.024535951599999998": 261,
    "0.028577985199999996": 53,
    "0.0326200188": 16,
    "0.0366620524": 7,
    "0.040704086": 30
  },
  "latencyPercentiles": {
    "p10": 0.003232493,
    "p25": 0.004234619,
    "p50": 0.0056814,
    "p75": 0.007558778,
    "p90": 0.009539161,
    "p95": 0.010964549,
    "p99": 0.014128849,
    "p99.9": 0.019687891,
    "p99.99": 0.029963725
  },
  "firstByteHistogram": {
    "NaN": 0
  },
  "firstBytePercentiles": {
    "p10": null,
    "p25": null,
    "p50": null,
    "p75": null,
    "p90": null,
    "p95": null,
    "p99": null,
    "p99.9": null,
    "p99.99": null
  },
  "rps": {
    "mean": 16298.552215698268,
    "stddev": 4353.434772505074,
    "max": 33036.217452714984,
    "min": 98.0068926287448,
    "percentiles": {
      "p10": 11022.64494237211,
      "p25": 13391.403021322867,
      "p50": 16146.817976408101,
      "p75": 19097.697454273155,
      "p90": 21904.763539084084,
      "p95": 23859.230539812695,
      "p99": 26738.239371370524,
      "p99.9": 30347.677870049793,
      "p99.99": 33036.217452714984
    }
  },
  "details": {
    "DNSDialup": {
      "average": 0.00039413542000000005,
      "fastest": 0.000115273,
      "slowest": 0.002966076
    },
    "DNSLookup": {
      "average": 0.000018304279999999992,
      "fastest": 1.527e-6,
      "slowest": 0.000896812
    },
    "firstByte": {
      "average": null,
      "fastest": null,
      "slowest": null
    }
  },
  "statusCodeDistribution": {
    "500": 489069
  },
  "errorDistribution": {
    "aborted due to deadline": 98
  }
}