{
  "summary": {
    "successRate": 1.0,
    "total": 30.009963774,
    "slowest": 0.041765095,
    "fastest": 0.000274118,
    "average": 0.005525922307639432,
    "requestsPerSec": 18075.396694412553,
    "totalData": 0,
    "sizePerRequest": 0,
    "sizePerSec": 0.0
  },
  "responseTimeHistogram": {
    "0.000274118": 1,
    "0.004423215700000001": 207653,
    "0.008572313400000002": 274924,
    "0.012721411100000003": 51646,
    "0.016870508800000003": 6979,
    "0.021019606500000003": 926,
    "0.025168704200000006": 148,
    "0.029317801900000006": 19,
    "0.0334668996": 18,
    "0.0376159973": 23,
    "0.041765095": 6
  },
  "latencyPercentiles": {
    "p10": 0.002884689,
    "p25": 0.003756998,
    "p50": 0.005035261,
    "p75": 0.006785229,
    "p90": 0.00876563,
    "p95": 0.010176096,
    "p99": 0.013493575,
    "p99.9": 0.018598529,
    "p99.99": 0.027468411
  },
  "firstByteHistogram": {
    "NaN": 0
  },
  "firstBytePercentiles": {
    "p10": null,
    "p25": null,
    "p50": null,
    "p75": null,
    "p90": null,
    "p95": null,
    "p99": null,
    "p99.9": null,
    "p99.99": null
  },
  "rps": {
    "mean": 18061.853529421478,
    "stddev": 4848.364585145815,
    "max": 34608.91179478753,
    "min": 468.83303472565467,
    "percentiles": {
      "p10": 11855.598806534977,
      "p25": 14729.438255297146,
      "p50": 18110.73264151687,
      "p75": 21336.867470073368,
      "p90": 24169.65213561151,
      "p95": 26067.810255440247,
      "p99": 29474.33722592736,
      "p99.9": 32753.043554036994,
      "p99.99": 34608.91179478753
    }
  },
  "details": {
    "DNSDialup": {
      "average": 0.00096868836,
      "fastest": 0.000081291,
      "slowest": 0.004620458
    },
    "DNSLookup": {
      "average": 9.453489999999998e-6,
      "fastest": 1.17e-6,
      "slowest": 0.00019822
    },
    "firstByte": {
      "average": null,
      "fastest": null,
      "slowest": null
    }
  },
  "statusCodeDistribution": {
    "500": 542343
  },
  "errorDistribution": {
    "aborted due to deadline": 99
  }
}