{
  "summary": {
    "successRate": 1.0,
    "total": 30.002897691,
    "slowest": 0.033685311,
    "fastest": 0.000503509,
    "average": 0.00894514706160891,
    "requestsPerSec": 11173.254112070625,
    "totalData": 4356703,
    "sizePerRequest": 13,
    "sizePerSec": 145209.40760021604
  },
  "responseTimeHistogram": {
    "0.000503509": 1,
    "0.0038216892000000006": 3930,
    "0.007139869400000001": 82146,
    "0.010458049600000002": 163986,
    "0.013776229800000001": 69302,
    "0.01709441": 12756,
    "0.020412590200000004": 2400,
    "0.023730770400000004": 506,
    "0.027048950600000003": 76,
    "0.030367130800000003": 19,
    "0.033685311": 9
  },
  "latencyPercentiles": {
    "p10": 0.005715978,
    "p25": 0.007090359,
    "p50": 0.00872953,
    "p75": 0.010492738,
    "p90": 0.012362306,
    "p95": 0.01365582,
    "p99": 0.016876781,
    "p99.9": 0.021248898,
    "p99.99": 0.026642524
  },
  "firstByteHistogram": {
    "0.000502847": 1,
    "0.0038209947": 3931,
    "0.0071391424": 82149,
    "0.010457290100000002": 163978,
    "0.013775437800000002": 69306,
    "0.0170935855": 12756,
    "0.020411733200000004": 2400,
    "0.023729880900000003": 506,
    "0.027048028600000003": 76,
    "0.030366176300000002": 19,
    "0.033684324": 9
  },
  "firstBytePercentiles": {
    "p10": 0.005715373,
    "p25": 0.007089765,
    "p50": 0.008728917,
    "p75": 0.010492103,
    "p90": 0.012361732,
    "p95": 0.013655191,
    "p99": 0.016876528,
    "p99.9": 0.021246777,
    "p99.99": 0.026642271
  },
  "rps": {
    "mean": 11183.273105812907,
    "stddev": 2037.5703091707803,
    "max": 24505.392899180482,
    "min": 119.1761164388794,
    "percentiles": {
      "p10": 8722.35889479109,
      "p25": 10178.277057538799,
      "p50": 11311.786881927894,
      "p75": 12414.48624854433,
      "p90": 13503.325708913255,
      "p95": 14199.28566515658,
      "p99": 15844.396321435835,
      "p99.9": 17706.496513570884,
      "p99.99": 24505.392899180482
    }
  },
  "details": {
    "DNSDialup": {
      "average": 0.0010342047799999994,
      "fastest": 0.00041694,
      "slowest": 0.004591641
    },
    "DNSLookup": {
      "average": 7.239020000000005e-6,
      "fastest": 3.911e-6,
      "slowest": 0.000071526
    },
    "firstByte": {
      "average": 0.008944498241926328,
      "fastest": 0.000502847,
      "slowest": 0.033684324
    }
  },
  "statusCodeDistribution": {
    "200": 335131
  },
  "errorDistribution": {
    "aborted due to deadline": 99
  }
}