{
  "summary": {
    "successRate": 1.0,
    "total": 30.005265929,
    "slowest": 0.036882485,
    "fastest": 0.000574456,
    "average": 0.008676641964283483,
    "requestsPerSec": 11515.112074579607,
    "totalData": 4490382,
    "sizePerRequest": 13,
    "sizePerSec": 149653.13124120852
  },
  "responseTimeHistogram": {
    "0.000574456": 1,
    "0.0042052589": 8394,
    "0.007836061799999999": 131392,
    "0.011466864699999997": 158926,
    "0.015097667599999998": 39094,
    "0.0187284705": 6271,
    "0.022359273399999997": 1077,
    "0.025990076299999998": 202,
    "0.0296208792": 36,
    "0.0332516821": 13,
    "0.036882485": 8
  },
  "latencyPercentiles": {
    "p10": 0.00553093,
    "p25": 0.006828237,
    "p50": 0.008419497,
    "p75": 0.010176523,
    "p90": 0.012054897,
    "p95": 0.013411892,
    "p99": 0.016668405,
    "p99.9": 0.021705876,
    "p99.99": 0.027923785
  },
  "firstByteHistogram": {
    "0.000573959": 1,
    "0.0042047836": 8393,
    "0.0078356082": 131405,
    "0.0114664328": 158915,
    "0.015097257400000001": 39093,
    "0.018728082": 6273,
    "0.0223589066": 1075,
    "0.0259897312": 202,
    "0.0296205558": 36,
    "0.0332513804": 13,
    "0.036882205": 8
  },
  "firstBytePercentiles": {
    "p10": 0.005530368,
    "p25": 0.006827598,
    "p50": 0.008418942,
    "p75": 0.010175943,
    "p90": 0.01205443,
    "p95": 0.013411212,
    "p99": 0.016667921,
    "p99.9": 0.021705306,
    "p99.99": 0.027921464
  },
  "rps": {
    "mean": 11521.584718383665,
    "stddev": 2108.1939220895706,
    "max": 19352.722963304775,
    "min": 94.66945638620746,
    "percentiles": {
      "p10": 8843.534065142554,
      "p25": 10431.259240959533,
      "p50": 11711.344779688767,
      "p75": 12800.09362354183,
      "p90": 13920.437987055038,
      "p95": 14773.707834061544,
      "p99": 16244.454676196221,
      "p99.9": 17881.234721215056,
      "p99.99": 19352.722963304775
    }
  },
  "details": {
    "DNSDialup": {
      "average": 0.0025998056900000005,
      "fastest": 0.00040364,
      "slowest": 0.017210644
    },
    "DNSLookup": {
      "average": 0.000025152740000000007,
      "fastest": 3.812e-6,
      "slowest": 0.001304975
    },
    "firstByte": {
      "average": 0.00867605526057716,
      "fastest": 0.000573959,
      "slowest": 0.036882205
    }
  },
  "statusCodeDistribution": {
    "200": 345414
  },
  "errorDistribution": {
    "aborted due to deadline": 100
  }
}