{
  "summary": {
    "successRate": 1.0,
    "total": 30.006726829,
    "slowest": 0.030757115,
    "fastest": 0.000368839,
    "average": 0.005408339055909586,
    "requestsPerSec": 18466.525961254483,
    "totalData": 0,
    "sizePerRequest": 0,
    "sizePerSec": 0.0
  },
  "responseTimeHistogram": {
    "0.000368839": 1,
    "0.0034076666000000004": 112954,
    "0.006446494200000001": 290037,
    "0.0094853218": 112628,
    "0.0125241494": 29975,
    "0.015562977": 6808,
    "0.0186018046": 1299,
    "0.0216406322": 225,
    "0.0246794598": 74,
    "0.027718287400000003": 6,
    "0.030757115": 13
  },
  "latencyPercentiles": {
    "p10": 0.002802831,
    "p25": 0.003640712,
    "p50": 0.00488905,
    "p75": 0.006667194,
    "p90": 0.008706564,
    "p95": 0.010176379,
    "p99": 0.013308452,
    "p99.9": 0.017554464,
    "p99.99": 0.022806581
  },
  "firstByteHistogram": {
    "NaN": 0
  },
  "firstBytePercentiles": {
    "p10": null,
    "p25": null,
    "p50": null,
    "p75": null,
    "p90": null,
    "p95": null,
    "p99": null,
    "p99.9": null,
    "p99.99": null
  },
  "rps": {
    "mean": 18462.719613644265,
    "stddev": 5049.9294861305425,
    "max": 37411.876325355224,
    "min": 96.14650573792731,
    "percentiles": {
      "p10": 11766.1149019335,
      "p25": 15153.06603726332,
      "p50": 18473.884174726452,
      "p75": 21863.45997213383,
      "p90": 24920.11996224336,
      "p95": 26901.292216587302,
      "p99": 30146.445971751913,
      "p99.9": 32741.342493161865,
      "p99.99": 37411.876325355224
    }
  },
  "details": {
    "DNSDialup": {
      "average": 0.00020591393999999996,
      "fastest": 0.000091705,
      "slowest": 0.000483804
    },
    "DNSLookup": {
      "average": 4.372209999999998e-6,
      "fastest": 1.408e-6,
      "slowest": 0.000052899
    },
    "firstByte": {
      "average": null,
      "fastest": null,
      "slowest": null
    }
  },
  "statusCodeDistribution": {
    "500": 554020
  },
  "errorDistribution": {
    "aborted due to deadline": 100
  }
}