{
  "summary": {
    "successRate": 1.0,
    "total": 30.004750666,
    "slowest": 0.037483521,
    "fastest": 0.000540139,
    "average": 0.00899450959106576,
    "requestsPerSec": 11111.840378590534,
    "totalData": 5666236,
    "sizePerRequest": 17,
    "sizePerSec": 188844.62874143186
  },
  "responseTimeHistogram": {
    "0.000540139": 1,
    "0.0042344772": 6525,
    "0.007928815399999999": 115949,
    "0.0116231536": 161829,
    "0.0153174918": 41324,
    "0.019011829999999997": 6260,
    "0.022706168199999998": 1142,
    "0.026400506399999996": 216,
    "0.030094844599999997": 48,
    "0.0337891828": 5,
    "0.037483521": 9
  },
  "latencyPercentiles": {
    "p10": 0.005778881,
    "p25": 0.007128396,
    "p50": 0.008764038,
    "p75": 0.010530958,
    "p90": 0.012380653,
    "p95": 0.013739615,
    "p99": 0.017158844,
    "p99.9": 0.022310226,
    "p99.99": 0.028057404
  },
  "firstByteHistogram": {
    "0.000539604": 1,
    "0.0042338879": 6526,
    "0.0079281718": 115945,
    "0.0116224557": 161829,
    "0.0153167396": 41324,
    "0.019011023499999998": 6263,
    "0.0227053074": 1142,
    "0.026399591299999997": 216,
    "0.0300938752": 48,
    "0.0337881591": 5,
    "0.037482443": 9
  },
  "firstBytePercentiles": {
    "p10": 0.005778275,
    "p25": 0.00712773,
    "p50": 0.008763375,
    "p75": 0.010530417,
    "p90": 0.012380001,
    "p95": 0.013738885,
    "p99": 0.017158242,
    "p99.9": 0.022309644,
    "p99.99": 0.028049899
  },
  "rps": {
    "mean": 11116.11743545136,
    "stddev": 1940.880597964767,
    "max": 19645.740991053048,
    "min": 372.54076527324,
    "percentiles": {
      "p10": 8739.63160745237,
      "p25": 10119.553416012059,
      "p50": 11235.9986688394,
      "p75": 12303.88679784001,
      "p90": 13295.097046476641,
      "p95": 13998.631817933321,
      "p99": 15608.739333152394,
      "p99.9": 17252.73208551216,
      "p99.99": 19645.740991053048
    }
  },
  "details": {
    "DNSDialup": {
      "average": 0.0008994834899999999,
      "fastest": 0.000424754,
      "slowest": 0.001870894
    },
    "DNSLookup": {
      "average": 7.12822e-6,
      "fastest": 3.912e-6,
      "slowest": 0.000073692
    },
    "firstByte": {
      "average": 0.008993885624038564,
      "fastest": 0.000539604,
      "slowest": 0.037482443
    }
  },
  "statusCodeDistribution": {
    "200": 333308
  },
  "errorDistribution": {
    "aborted due to deadline": 100
  }
}