{
  "summary": {
    "successRate": 1.0,
    "total": 30.007904246,
    "slowest": 0.113108224,
    "fastest": 0.000255357,
    "average": 0.005220423682124565,
    "requestsPerSec": 19131.792586832424,
    "totalData": 0,
    "sizePerRequest": 0,
    "sizePerSec": 0.0
  },
  "responseTimeHistogram": {
    "0.000255357": 1,
    "0.011540643699999999": 564448,
    "0.0228259304": 9210,
    "0.034111217099999994": 237,
    "0.045396503799999995": 9,
    "0.056681790499999996": 0,
    "0.06796707719999999": 0,
    "0.0792523639": 0,
    "0.09053765059999999": 0,
    "0.10182293729999999": 0,
    "0.113108224": 100
  },
  "latencyPercentiles": {
    "p10": 0.00277434,
    "p25": 0.003575623,
    "p50": 0.004736061,
    "p75": 0.006363579,
    "p90": 0.00822015,
    "p95": 0.009487951,
    "p99": 0.012548656,
    "p99.9": 0.018826132,
    "p99.99": 0.108248455
  },
  "firstByteHistogram": {
    "NaN": 0
  },
  "firstBytePercentiles": {
    "p10": null,
    "p25": null,
    "p50": null,
    "p75": null,
    "p90": null,
    "p95": null,
    "p99": null,
    "p99.9": null,
    "p99.99": null
  },
  "rps": {
    "mean": 19204.56631890533,
    "stddev": 4763.196191944825,
    "max": 35309.43098851922,
    "min": 9.072344434967675,
    "percentiles": {
      "p10": 13110.843338227382,
      "p25": 16070.380023281306,
      "p50": 19204.030151734394,
      "p75": 22424.69407311349,
      "p90": 25265.112563630915,
      "p95": 26930.261817620336,
      "p99": 30138.189923496582,
      "p99.9": 33141.62920043834,
      "p99.99": 35309.43098851922
    }
  },
  "details": {
    "DNSDialup": {
      "average": 0.0004734970200000001,
      "fastest": 0.000149431,
      "slowest": 0.002532755
    },
    "DNSLookup": {
      "average": 0.000012252360000000002,
      "fastest": 1.807e-6,
      "slowest": 0.000284044
    },
    "firstByte": {
      "average": null,
      "fastest": null,
      "slowest": null
    }
  },
  "statusCodeDistribution": {
    "500": 574005
  },
  "errorDistribution": {
    "aborted due to deadline": 100
  }
}