{
  "summary": {
    "successRate": 1.0,
    "total": 30.006392492,
    "slowest": 0.369698498,
    "fastest": 0.000252135,
    "average": 0.005913478413054052,
    "requestsPerSec": 16890.101005481443,
    "totalData": 0,
    "sizePerRequest": 0,
    "sizePerSec": 0.0
  },
  "responseTimeHistogram": {
    "0.000252135": 1,
    "0.0371967713": 506450,
    "0.0741414076": 150,
    "0.1110860439": 10,
    "0.1480306802": 0,
    "0.1849753165": 0,
    "0.2219199528": 0,
    "0.2588645891": 0,
    "0.2958092254": 0,
    "0.3327538617": 0,
    "0.369698498": 100
  },
  "latencyPercentiles": {
    "p10": 0.003062984,
    "p25": 0.003990883,
    "p50": 0.005338281,
    "p75": 0.00716303,
    "p90": 0.009169506,
    "p95": 0.010649826,
    "p99": 0.014108789,
    "p99.9": 0.026608757,
    "p99.99": 0.348362233
  },
  "firstByteHistogram": {
    "NaN": 0
  },
  "firstBytePercentiles": {
    "p10": null,
    "p25": null,
    "p50": null,
    "p75": null,
    "p90": null,
    "p95": null,
    "p99": null,
    "p99.9": null,
    "p99.99": null
  },
  "rps": {
    "mean": 17105.836760287068,
    "stddev": 4844.599216299755,
    "max": 81351.92101453358,
    "min": 2.8552958152279144,
    "percentiles": {
      "p10": 11220.304262593605,
      "p25": 14018.295277163783,
      "p50": 17049.90145484521,
      "p75": 20311.59792241761,
      "p90": 23070.457277710633,
      "p95": 24587.197083714098,
      "p99": 27946.131323883976,
      "p99.9": 31702.634488925054,
      "p99.99": 81351.92101453358
    }
  },
  "details": {
    "DNSDialup": {
      "average": 0.00043027397,
      "fastest": 0.000150023,
      "slowest": 0.00167447
    },
    "DNSLookup": {
      "average": 0.000020367130000000006,
      "fastest": 2.402e-6,
      "slowest": 0.000755683
    },
    "firstByte": {
      "average": null,
      "fastest": null,
      "slowest": null
    }
  },
  "statusCodeDistribution": {
    "500": 506711
  },
  "errorDistribution": {
    "aborted due to deadline": 100
  }
}