{
  "summary": {
    "successRate": 1.0,
    "total": 0.70829901,
    "slowest": 0.025076235,
    "fastest": 0.000416904,
    "average": 0.0034898527075999984,
    "requestsPerSec": 14118.33118332327,
    "totalData": 0,
    "sizePerRequest": 0,
    "sizePerSec": 0.0
  },
  "responseTimeHistogram": {
    "0.000416904": 1,
    "0.0028828371": 4216,
    "0.0053487702": 4728,
    "0.0078147033": 799,
    "0.0102806364": 130,
    "0.012746569499999999": 73,
    "0.0152125026": 7,
    "0.017678435699999998": 14,
    "0.0201443688": 3,
    "0.0226103019": 15,
    "0.025076235": 14
  },
  "latencyPercentiles": {
    "p10": 0.001766122,
    "p25": 0.002340413,
    "p50": 0.003108506,
    "p75": 0.004130624,
    "p90": 0.00541346,
    "p95": 0.006389255,
    "p99": 0.010631155,
    "p99.9": 0.023213409,
    "p99.99": 0.02487462
  },
  "firstByteHistogram": {
    "NaN": 0
  },
  "firstBytePercentiles": {
    "p10": null,
    "p25": null,
    "p50": null,
    "p75": null,
    "p90": null,
    "p95": null,
    "p99": null,
    "p99.9": null,
    "p99.99": null
  },
  "rps": {
    "mean": 14199.338413293974,
    "stddev": 4417.997012878223,
    "max": 24049.276262690117,
    "min": 67.5138347662357,
    "percentiles": {
      "p10": 7829.477198705405,
      "p25": 12028.071294724823,
      "p50": 15138.019377875873,
      "p75": 17290.094041243254,
      "p90": 19010.15712695295,
      "p95": 19632.41122197116,
      "p99": 24049.276262690117,
      "p99.9": 24049.276262690117,
      "p99.99": 24049.276262690117
    }
  },
  "details": {
    "DNSDialup": {
      "average": 0.00031812177999999996,
      "fastest": 0.000055903,
      "slowest": 0.001680666
    },
    "DNSLookup": {
      "average": 0.000011029540000000001,
      "fastest": 1.469e-6,
      "slowest": 0.000086348
    },
    "firstByte": {
      "average": null,
      "fastest": null,
      "slowest": null
    }
  },
  "statusCodeDistribution": {
    "500": 10000
  },
  "errorDistribution": {}
}