{
  "summary": {
    "successRate": 1.0,
    "total": 0.553874282,
    "slowest": 0.021422144,
    "fastest": 0.000337003,
    "average": 0.0027255993428000084,
    "requestsPerSec": 18054.63861562722,
    "totalData": 0,
    "sizePerRequest": 0,
    "sizePerSec": 0.0
  },
  "responseTimeHistogram": {
    "0.000337003": 1,
    "0.0024455171": 5306,
    "0.0045540312": 3847,
    "0.0066625453": 649,
    "0.008771059400000001": 140,
    "0.010879573500000001": 6,
    "0.012988087600000002": 3,
    "0.015096601700000002": 2,
    "0.0172051158": 6,
    "0.0193136299": 35,
    "0.021422144": 5
  },
  "latencyPercentiles": {
    "p10": 0.001462501,
    "p25": 0.001841106,
    "p50": 0.002372313,
    "p75": 0.003118602,
    "p90": 0.004306253,
    "p95": 0.005328792,
    "p99": 0.007461346,
    "p99.9": 0.019047264,
    "p99.99": 0.020118542
  },
  "firstByteHistogram": {
    "NaN": 0
  },
  "firstBytePercentiles": {
    "p10": null,
    "p25": null,
    "p50": null,
    "p75": null,
    "p90": null,
    "p95": null,
    "p99": null,
    "p99.9": null,
    "p99.99": null
  },
  "rps": {
    "mean": 18389.557143089864,
    "stddev": 5129.517637714973,
    "max": 26816.1406350482,
    "min": 51.076047177718955,
    "percentiles": {
      "p10": 10428.2971844099,
      "p25": 17147.931899244762,
      "p50": 19300.003711539208,
      "p75": 21919.539077133275,
      "p90": 23842.76840717519,
      "p95": 24990.863664012748,
      "p99": 26816.1406350482,
      "p99.9": 26816.1406350482,
      "p99.99": 26816.1406350482
    }
  },
  "details": {
    "DNSDialup": {
      "average": 0.00062967328,
      "fastest": 0.000052048,
      "slowest": 0.006317264
    },
    "DNSLookup": {
      "average": 0.00001614966,
      "fastest": 1.436e-6,
      "slowest": 0.000203541
    },
    "firstByte": {
      "average": null,
      "fastest": null,
      "slowest": null
    }
  },
  "statusCodeDistribution": {
    "500": 10000
  },
  "errorDistribution": {}
}