{
  "summary": {
    "successRate": 1.0,
    "total": 0.865714428,
    "slowest": 0.019218302,
    "fastest": 0.000511589,
    "average": 0.004289219569299986,
    "requestsPerSec": 11551.153217005181,
    "totalData": 0,
    "sizePerRequest": 0,
    "sizePerSec": 0.0
  },
  "responseTimeHistogram": {
    "0.000511589": 1,
    "0.0023822603000000003": 795,
    "0.0042529316": 4822,
    "0.0061236029": 3334,
    "0.0079942742": 711,
    "0.0098649455": 175,
    "0.011735616800000001": 65,
    "0.0136062881": 51,
    "0.0154769594": 40,
    "0.0173476307": 3,
    "0.019218302": 3
  },
  "latencyPercentiles": {
    "p10": 0.00251442,
    "p25": 0.003150886,
    "p50": 0.004007995,
    "p75": 0.005024355,
    "p90": 0.006191994,
    "p95": 0.007249467,
    "p99": 0.011676609,
    "p99.9": 0.015106709,
    "p99.99": 0.019008966
  },
  "firstByteHistogram": {
    "NaN": 0
  },
  "firstBytePercentiles": {
    "p10": null,
    "p25": null,
    "p50": null,
    "p75": null,
    "p90": null,
    "p95": null,
    "p99": null,
    "p99.9": null,
    "p99.99": null
  },
  "rps": {
    "mean": 11460.610600864184,
    "stddev": 2776.592999710306,
    "max": 14927.02656509604,
    "min": 124.82226869216595,
    "percentiles": {
      "p10": 7686.748748873354,
      "p25": 10489.095079804387,
      "p50": 12274.267231536915,
      "p75": 13233.810971321685,
      "p90": 13960.472484898435,
      "p95": 14213.251714936918,
      "p99": 14927.02656509604,
      "p99.9": 14927.02656509604,
      "p99.99": 14927.02656509604
    }
  },
  "details": {
    "DNSDialup": {
      "average": 0.00071042412,
      "fastest": 0.000244909,
      "slowest": 0.005371812
    },
    "DNSLookup": {
      "average": 9.524040000000002e-6,
      "fastest": 3.87e-6,
      "slowest": 0.000075783
    },
    "firstByte": {
      "average": null,
      "fastest": null,
      "slowest": null
    }
  },
  "statusCodeDistribution": {
    "200": 10000
  },
  "errorDistribution": {}
}