{
  "summary": {
    "successRate": 1.0,
    "total": 0.906636288,
    "slowest": 0.025235961,
    "fastest": 0.0005357,
    "average": 0.004512054677400001,
    "requestsPerSec": 11029.781327261413,
    "totalData": 0,
    "sizePerRequest": 0,
    "sizePerSec": 0.0
  },
  "responseTimeHistogram": {
    "0.0005357": 1,
    "0.0030057261000000003": 1486,
    "0.0054757522000000005": 6436,
    "0.007945778300000001": 1787,
    "0.0104158044": 187,
    "0.0128858305": 39,
    "0.015355856600000002": 12,
    "0.0178258827": 19,
    "0.0202959088": 29,
    "0.022765934900000003": 3,
    "0.025235961": 1
  },
  "latencyPercentiles": {
    "p10": 0.00275056,
    "p25": 0.003422409,
    "p50": 0.004251106,
    "p75": 0.005245742,
    "p90": 0.0064077,
    "p95": 0.00724953,
    "p99": 0.010520508,
    "p99.9": 0.019580759,
    "p99.99": 0.020595006
  },
  "firstByteHistogram": {
    "NaN": 0
  },
  "firstBytePercentiles": {
    "p10": null,
    "p25": null,
    "p50": null,
    "p75": null,
    "p90": null,
    "p95": null,
    "p99": null,
    "p99.9": null,
    "p99.99": null
  },
  "rps": {
    "mean": 11008.425699806643,
    "stddev": 2532.726469376415,
    "max": 15180.255412857408,
    "min": 147.3172352915526,
    "percentiles": {
      "p10": 8400.291490114709,
      "p25": 10029.616454428246,
      "p50": 11517.334740517947,
      "p75": 12608.755519832972,
      "p90": 13437.223797363395,
      "p95": 13809.502582732362,
      "p99": 15180.255412857408,
      "p99.9": 15180.255412857408,
      "p99.99": 15180.255412857408
    }
  },
  "details": {
    "DNSDialup": {
      "average": 0.0004811987600000001,
      "fastest": 0.000245417,
      "slowest": 0.000902702
    },
    "DNSLookup": {
      "average": 8.96916e-6,
      "fastest": 4.152e-6,
      "slowest": 0.000067231
    },
    "firstByte": {
      "average": null,
      "fastest": null,
      "slowest": null
    }
  },
  "statusCodeDistribution": {
    "200": 10000
  },
  "errorDistribution": {}
}