{
  "summary": {
    "successRate": 1.0,
    "total": 0.733991931,
    "slowest": 0.029918088,
    "fastest": 0.000350447,
    "average": 0.003633968128900004,
    "requestsPerSec": 13624.127974235182,
    "totalData": 0,
    "sizePerRequest": 0,
    "sizePerSec": 0.0
  },
  "responseTimeHistogram": {
    "0.000350447": 1,
    "0.0033072110999999996": 5401,
    "0.0062639752": 3770,
    "0.0092207393": 621,
    "0.0121775034": 100,
    "0.0151342675": 56,
    "0.018091031599999998": 2,
    "0.0210477957": 8,
    "0.0240045598": 10,
    "0.026961323899999997": 24,
    "0.029918088": 7
  },
  "latencyPercentiles": {
    "p10": 0.001679019,
    "p25": 0.002228582,
    "p50": 0.003149342,
    "p75": 0.004375355,
    "p90": 0.005929642,
    "p95": 0.007032608,
    "p99": 0.012695298,
    "p99.9": 0.026552375,
    "p99.99": 0.028497312
  },
  "firstByteHistogram": {
    "NaN": 0
  },
  "firstBytePercentiles": {
    "p10": null,
    "p25": null,
    "p50": null,
    "p75": null,
    "p90": null,
    "p95": null,
    "p99": null,
    "p99.9": null,
    "p99.99": null
  },
  "rps": {
    "mean": 13687.426892333053,
    "stddev": 4853.73673171056,
    "max": 29212.118750629248,
    "min": 87.58122720917515,
    "percentiles": {
      "p10": 9435.43948951943,
      "p25": 11494.574408296456,
      "p50": 14202.028049605507,
      "p75": 16719.701285611744,
      "p90": 19605.215634128657,
      "p95": 20416.547611839225,
      "p99": 29212.118750629248,
      "p99.9": 29212.118750629248,
      "p99.99": 29212.118750629248
    }
  },
  "details": {
    "DNSDialup": {
      "average": 0.00062736782,
      "fastest": 0.000084646,
      "slowest": 0.002763171
    },
    "DNSLookup": {
      "average": 0.000027015619999999997,
      "fastest": 2.489e-6,
      "slowest": 0.000323892
    },
    "firstByte": {
      "average": null,
      "fastest": null,
      "slowest": null
    }
  },
  "statusCodeDistribution": {
    "500": 10000
  },
  "errorDistribution": {}
}