{
  "summary": {
    "successRate": 1.0,
    "total": 15.003133875,
    "slowest": 0.022394259,
    "fastest": 0.000284096,
    "average": 0.004078119647210221,
    "requestsPerSec": 12246.974634157892,
    "totalData": 2755395,
    "sizePerRequest": 15,
    "sizePerSec": 183654.62995643634
  },
  "responseTimeHistogram": {
    "0.000284096": 1,
    "0.0024951123": 22999,
    "0.0047061286": 107947,
    "0.006917144899999999": 43915,
    "0.009128161199999998": 7363,
    "0.011339177499999999": 1130,
    "0.013550193799999997": 235,
    "0.0157612101": 83,
    "0.0179722264": 8,
    "0.0201832427": 10,
    "0.022394259": 2
  },
  "latencyPercentiles": {
    "p10": 0.002357954,
    "p25": 0.003008802,
    "p50": 0.003853425,
    "p75": 0.004896835,
    "p90": 0.006058831,
    "p95": 0.006870107,
    "p99": 0.008851743,
    "p99.9": 0.012459218,
    "p99.99": 0.016261713
  },
  "firstByteHistogram": {
    "0.000283503": 1,
    "0.0024945213": 23000,
    "0.0047055396": 107946,
    "0.0069165579": 43916,
    "0.0091275762": 7364,
    "0.011338594499999998": 1129,
    "0.0135496128": 234,
    "0.015760631100000002": 83,
    "0.0179716494": 8,
    "0.0201826677": 10,
    "0.022393686": 2
  },
  "firstBytePercentiles": {
    "p10": 0.002357357,
    "p25": 0.003008102,
    "p50": 0.003852859,
    "p75": 0.004896385,
    "p90": 0.006058437,
    "p95": 0.006869109,
    "p99": 0.008851027,
    "p99.9": 0.01245839,
    "p99.99": 0.01626145
  },
  "rps": {
    "mean": 12252.589969037004,
    "stddev": 2238.9418225183936,
    "max": 17208.587613089618,
    "min": 1592.454525802209,
    "percentiles": {
      "p10": 9257.564461578424,
      "p25": 11100.425146283023,
      "p50": 12562.531255579157,
      "p75": 13740.793668242151,
      "p90": 14819.985343034408,
      "p95": 15468.873612873931,
      "p99": 16645.27478202205,
      "p99.9": 17171.63738431067,
      "p99.99": 17208.587613089618
    }
  },
  "details": {
    "DNSDialup": {
      "average": 0.0023627841600000004,
      "fastest": 0.000237259,
      "slowest": 0.008238901
    },
    "DNSLookup": {
      "average": 8.6036e-6,
      "fastest": 3.75e-6,
      "slowest": 0.000058297
    },
    "firstByte": {
      "average": 0.004077532359507276,
      "fastest": 0.000283503,
      "slowest": 0.022393686
    }
  },
  "statusCodeDistribution": {
    "200": 183693
  },
  "errorDistribution": {
    "aborted due to deadline": 50
  }
}