{
  "summary": {
    "successRate": 1.0,
    "total": 15.020559894,
    "slowest": 0.406500145,
    "fastest": 0.000285875,
    "average": 0.04567959393921585,
    "requestsPerSec": 13632.847340251084,
    "totalData": 0,
    "sizePerRequest": 0,
    "sizePerSec": 0.0
  },
  "responseTimeHistogram": {
    "0.000285875": 1,
    "0.040907302": 93992,
    "0.08152872900000001": 86605,
    "0.12215015600000001": 21138,
    "0.162771583": 1328,
    "0.20339300999999999": 87,
    "0.244014437": 0,
    "0.284635864": 115,
    "0.325257291": 365,
    "0.365878718": 134,
    "0.406500145": 9
  },
  "latencyPercentiles": {
    "p10": 0.013491742,
    "p25": 0.019397689,
    "p50": 0.046064603,
    "p75": 0.061494439,
    "p90": 0.085543923,
    "p95": 0.098450694,
    "p99": 0.12218379,
    "p99.9": 0.315005045,
    "p99.99": 0.348086451
  },
  "firstByteHistogram": {
    "NaN": 0
  },
  "firstBytePercentiles": {
    "p10": null,
    "p25": null,
    "p50": null,
    "p75": null,
    "p90": null,
    "p95": null,
    "p99": null,
    "p99.9": null,
    "p99.99": null
  },
  "rps": {
    "mean": 13818.747839596781,
    "stddev": 4501.110092516922,
    "max": 40678.92932657243,
    "min": 3.981561516029237,
    "percentiles": {
      "p10": 8506.887338025792,
      "p25": 11051.889596823587,
      "p50": 13620.974430279879,
      "p75": 16567.5908001872,
      "p90": 19299.337062720035,
      "p95": 21529.877010329117,
      "p99": 25647.560836816363,
      "p99.9": 34308.44417862522,
      "p99.99": 40678.92932657243
    }
  },
  "details": {
    "DNSDialup": {
      "average": 0.033063862104333805,
      "fastest": 0.00179391,
      "slowest": 0.112471088
    },
    "DNSLookup": {
      "average": 4.080974317817016e-6,
      "fastest": 2.058e-6,
      "slowest": 0.000124832
    },
    "firstByte": {
      "average": null,
      "fastest": null,
      "slowest": null
    }
  },
  "statusCodeDistribution": {
    "500": 200298,
    "502": 3476
  },
  "errorDistribution": {
    "aborted due to deadline": 999
  }
}