{
  "summary": {
    "successRate": 1.0,
    "total": 15.002549818,
    "slowest": 0.02634978,
    "fastest": 0.000368408,
    "average": 0.004218523585829052,
    "requestsPerSec": 11839.587413793315,
    "totalData": 2663610,
    "sizePerRequest": 15,
    "sizePerSec": 177543.81970484852
  },
  "responseTimeHistogram": {
    "0.000368408": 1,
    "0.0029665452": 35550,
    "0.0055646824": 112110,
    "0.008162819600000001": 26437,
    "0.0107609568": 3010,
    "0.013359094": 369,
    "0.0159572312": 49,
    "0.0185553684": 12,
    "0.0211535056": 18,
    "0.0237516428": 9,
    "0.02634978": 9
  },
  "latencyPercentiles": {
    "p10": 0.00249249,
    "p25": 0.003149083,
    "p50": 0.003996455,
    "p75": 0.005034976,
    "p90": 0.006211411,
    "p95": 0.007041289,
    "p99": 0.008964908,
    "p99.9": 0.012186085,
    "p99.99": 0.021543124
  },
  "firstByteHistogram": {
    "0.000356729": 1,
    "0.0029559465": 35093,
    "0.005555164": 112336,
    "0.008154381499999998": 26642,
    "0.010753598999999999": 3034,
    "0.0133528165": 371,
    "0.015952033999999997": 49,
    "0.018551251499999998": 12,
    "0.021150468999999998": 18,
    "0.0237496865": 9,
    "0.026348904": 9
  },
  "firstBytePercentiles": {
    "p10": 0.00249192,
    "p25": 0.003148521,
    "p50": 0.003995807,
    "p75": 0.00503457,
    "p90": 0.006210993,
    "p95": 0.007040296,
    "p99": 0.008963671,
    "p99.9": 0.012185791,
    "p99.99": 0.02154197
  },
  "rps": {
    "mean": 11848.529989056284,
    "stddev": 2031.866128650126,
    "max": 17151.421323151462,
    "min": 82.12585738368536,
    "percentiles": {
      "p10": 9179.632393046453,
      "p25": 10836.737624220223,
      "p50": 12137.659516180864,
      "p75": 13156.708687308925,
      "p90": 14155.646549047327,
      "p95": 14631.522151324401,
      "p99": 15688.764071556148,
      "p99.9": 16904.56496154953,
      "p99.99": 17151.421323151462
    }
  },
  "details": {
    "DNSDialup": {
      "average": 0.0004838005200000001,
      "fastest": 0.000237408,
      "slowest": 0.000889156
    },
    "DNSLookup": {
      "average": 8.82542e-6,
      "fastest": 3.836e-6,
      "slowest": 0.000076187
    },
    "firstByte": {
      "average": 0.004217918364845169,
      "fastest": 0.000356729,
      "slowest": 0.026348904
    }
  },
  "statusCodeDistribution": {
    "200": 177574
  },
  "errorDistribution": {
    "aborted due to deadline": 50
  }
}