{
  "summary": {
    "successRate": 1.0,
    "total": 15.006896159,
    "slowest": 0.118087046,
    "fastest": 0.00030962,
    "average": 0.004842559572344438,
    "requestsPerSec": 20606.45963852704,
    "totalData": 0,
    "sizePerRequest": 0,
    "sizePerSec": 0.0
  },
  "responseTimeHistogram": {
    "0.00030962": 1,
    "0.0120873626": 306578,
    "0.0238651052": 2247,
    "0.035642847799999995": 136,
    "0.0474205904": 52,
    "0.059198333": 37,
    "0.0709760756": 41,
    "0.0827538182": 15,
    "0.0945315608": 20,
    "0.1063093034": 3,
    "0.118087046": 9
  },
  "latencyPercentiles": {
    "p10": 0.002591982,
    "p25": 0.003323498,
    "p50": 0.004377491,
    "p75": 0.005845823,
    "p90": 0.007611738,
    "p95": 0.008760753,
    "p99": 0.011708532,
    "p99.9": 0.024212946,
    "p99.99": 0.083588635
  },
  "firstByteHistogram": {
    "NaN": 0
  },
  "firstBytePercentiles": {
    "p10": null,
    "p25": null,
    "p50": null,
    "p75": null,
    "p90": null,
    "p95": null,
    "p99": null,
    "p99.9": null,
    "p99.99": null
  },
  "rps": {
    "mean": 20718.982950021815,
    "stddev": 5889.074759453408,
    "max": 121803.91599589922,
    "min": 28.19031563991664,
    "percentiles": {
      "p10": 14190.633966571742,
      "p25": 17288.659704696915,
      "p50": 20706.86846826953,
      "p75": 24174.418530002753,
      "p90": 27397.694699760516,
      "p95": 29361.609233380706,
      "p99": 32579.811519590083,
      "p99.9": 37808.101727372734,
      "p99.99": 121803.91599589922
    }
  },
  "details": {
    "DNSDialup": {
      "average": 0.0018226086400000003,
      "fastest": 0.000239214,
      "slowest": 0.017130092
    },
    "DNSLookup": {
      "average": 0.00002210329,
      "fastest": 2.489e-6,
      "slowest": 0.000549261
    },
    "firstByte": {
      "average": null,
      "fastest": null,
      "slowest": null
    }
  },
  "statusCodeDistribution": {
    "500": 309139
  },
  "errorDistribution": {
    "aborted due to deadline": 100
  }
}