{
  "summary": {
    "successRate": 1.0,
    "total": 15.013580762,
    "slowest": 0.24346616,
    "fastest": 0.000823115,
    "average": 0.03185394662574093,
    "requestsPerSec": 15645.434871508236,
    "totalData": 0,
    "sizePerRequest": 0,
    "sizePerSec": 0.0
  },
  "responseTimeHistogram": {
    "0.000823115": 1,
    "0.025087419499999996": 104046,
    "0.04935172399999999": 93405,
    "0.07361602849999999": 30736,
    "0.09788033299999999": 4619,
    "0.12214463749999999": 887,
    "0.146408942": 297,
    "0.1706732465": 205,
    "0.194937551": 120,
    "0.2192018555": 60,
    "0.24346616": 18
  },
  "latencyPercentiles": {
    "p10": 0.011119978,
    "p25": 0.015707043,
    "p50": 0.029866231,
    "p75": 0.04313839,
    "p90": 0.056320921,
    "p95": 0.066181045,
    "p99": 0.0880925,
    "p99.9": 0.168396914,
    "p99.99": 0.215514988
  },
  "firstByteHistogram": {
    "NaN": 0
  },
  "firstBytePercentiles": {
    "p10": null,
    "p25": null,
    "p50": null,
    "p75": null,
    "p90": null,
    "p95": null,
    "p99": null,
    "p99.9": null,
    "p99.99": null
  },
  "rps": {
    "mean": 15777.190711904746,
    "stddev": 5929.924089504306,
    "max": 81267.17692599133,
    "min": 21.41799919819573,
    "percentiles": {
      "p10": 8621.90039844516,
      "p25": 12031.009154877755,
      "p50": 15820.67762565646,
      "p75": 19510.265770678212,
      "p90": 22976.48412033828,
      "p95": 24956.47208870179,
      "p99": 27585.028090585743,
      "p99.9": 47715.12972452125,
      "p99.99": 81267.17692599133
    }
  },
  "details": {
    "DNSDialup": {
      "average": 0.012227244784000004,
      "fastest": 0.000403805,
      "slowest": 0.088809608
    },
    "DNSLookup": {
      "average": 3.4813199999999976e-6,
      "fastest": 1.416e-6,
      "slowest": 0.000062716
    },
    "firstByte": {
      "average": null,
      "fastest": null,
      "slowest": null
    }
  },
  "statusCodeDistribution": {
    "500": 234394
  },
  "errorDistribution": {
    "aborted due to deadline": 500
  }
}