{
  "summary": {
    "successRate": 1.0,
    "total": 15.016358876,
    "slowest": 1.060619288,
    "fastest": 0.000222446,
    "average": 0.04683160951635726,
    "requestsPerSec": 13395.99044356244,
    "totalData": 0,
    "sizePerRequest": 0,
    "sizePerSec": 0.0
  },
  "responseTimeHistogram": {
    "0.000222446": 1,
    "0.10626213020000001": 192042,
    "0.2123018144": 8116,
    "0.31834149860000005": 0,
    "0.42438118280000003": 0,
    "0.530420867": 0,
    "0.6364605512000001": 0,
    "0.7425002354000001": 0,
    "0.8485399196000001": 0,
    "0.9545796038000001": 0,
    "1.060619288": 1
  },
  "latencyPercentiles": {
    "p10": 0.013315057,
    "p25": 0.019386594,
    "p50": 0.048010385,
    "p75": 0.064294904,
    "p90": 0.09017439,
    "p95": 0.10320425,
    "p99": 0.125681811,
    "p99.9": 0.160875214,
    "p99.99": 0.186550302
  },
  "firstByteHistogram": {
    "NaN": 0
  },
  "firstBytePercentiles": {
    "p10": null,
    "p25": null,
    "p50": null,
    "p75": null,
    "p90": null,
    "p95": null,
    "p99": null,
    "p99.9": null,
    "p99.99": null
  },
  "rps": {
    "mean": 13392.161277165858,
    "stddev": 4327.928806100881,
    "max": 37312.051822829104,
    "min": 13.725681198351891,
    "percentiles": {
      "p10": 8093.8592606971915,
      "p25": 10451.690717749017,
      "p50": 13362.118576047907,
      "p75": 16231.58016236492,
      "p90": 18938.484895155514,
      "p95": 20489.259409692473,
      "p99": 23219.3649503669,
      "p99.9": 26169.070114169197,
      "p99.99": 37312.051822829104
    }
  },
  "details": {
    "DNSDialup": {
      "average": 0.03878723311464969,
      "fastest": 0.000999012,
      "slowest": 0.096652773
    },
    "DNSLookup": {
      "average": 3.951447452229302e-6,
      "fastest": 1.523e-6,
      "slowest": 0.00007783
    },
    "firstByte": {
      "average": null,
      "fastest": null,
      "slowest": null
    }
  },
  "statusCodeDistribution": {
    "500": 195980,
    "502": 4180
  },
  "errorDistribution": {
    "aborted due to deadline": 999
  }
}