{
  "summary": {
    "successRate": 1.0,
    "total": 15.003335089,
    "slowest": 0.002791376,
    "fastest": 0.000306642,
    "average": 0.0003553819666498357,
    "requestsPerSec": 2772.0503310289027,
    "totalData": 623835,
    "sizePerRequest": 15,
    "sizePerSec": 41579.75518772338
  },
  "responseTimeHistogram": {
    "0.000306642": 1,
    "0.0005551153999999999": 41099,
    "0.0008035887999999999": 384,
    "0.0010520622": 57,
    "0.0013005355999999998": 23,
    "0.0015490089999999998": 6,
    "0.0017974823999999997": 1,
    "0.0020459557999999997": 7,
    "0.0022944292": 3,
    "0.0025429026": 2,
    "0.002791376": 6
  },
  "latencyPercentiles": {
    "p10": 0.000328859,
    "p25": 0.000333959,
    "p50": 0.000341642,
    "p75": 0.000354328,
    "p90": 0.000387169,
    "p95": 0.000423649,
    "p99": 0.000574008,
    "p99.9": 0.001091597,
    "p99.99": 0.002574099
  },
  "firstByteHistogram": {
    "0.000305861": 1,
    "0.0005541878": 41099,
    "0.0008025146": 386,
    "0.0010508414": 55,
    "0.0012991682": 23,
    "0.0015474949999999999": 6,
    "0.0017958218": 1,
    "0.0020441486": 7,
    "0.0022924754": 3,
    "0.0025408022": 2,
    "0.002789129": 6
  },
  "firstBytePercentiles": {
    "p10": 0.0003281,
    "p25": 0.000333194,
    "p50": 0.000340866,
    "p75": 0.000353532,
    "p90": 0.000386326,
    "p95": 0.00042278,
    "p99": 0.000573196,
    "p99.9": 0.001090819,
    "p99.99": 0.002572484
  },
  "rps": {
    "mean": 2771.930899215517,
    "stddev": 254.76373826548752,
    "max": 2993.625023897118,
    "min": 814.3170785804783,
    "percentiles": {
      "p10": 2503.2226488380134,
      "p25": 2771.9216654940665,
      "p50": 2858.5858596172407,
      "p75": 2903.100116932716,
      "p90": 2928.4596494108837,
      "p95": 2942.0196904305526,
      "p99": 2969.1971393321533,
      "p99.9": 2981.9036493462777,
      "p99.99": 2993.625023897118
    }
  },
  "details": {
    "DNSDialup": {
      "average": 0.000737844,
      "fastest": 0.000737844,
      "slowest": 0.000737844
    },
    "DNSLookup": {
      "average": 0.000059601,
      "fastest": 0.000059601,
      "slowest": 0.000059601
    },
    "firstByte": {
      "average": 0.00035457321380653656,
      "fastest": 0.000305861,
      "slowest": 0.002789129
    }
  },
  "statusCodeDistribution": {
    "200": 41589
  },
  "errorDistribution": {
    "aborted due to deadline": 1
  }
}