{
  "summary": {
    "successRate": 1.0,
    "total": 15.003722707,
    "slowest": 0.029664425,
    "fastest": 0.000079724,
    "average": 0.000716635781740851,
    "requestsPerSec": 1379.1243949307413,
    "totalData": 0,
    "sizePerRequest": 0,
    "sizePerSec": 0.0
  },
  "responseTimeHistogram": {
    "0.000079724": 1,
    "0.0030381941": 20511,
    "0.0059966642": 121,
    "0.0089551343": 33,
    "0.0119136044": 14,
    "0.014872074499999999": 8,
    "0.0178305446": 2,
    "0.0207890147": 0,
    "0.0237474848": 0,
    "0.0267059549": 0,
    "0.029664424999999998": 1
  },
  "latencyPercentiles": {
    "p10": 0.000343282,
    "p25": 0.000418431,
    "p50": 0.000568739,
    "p75": 0.00083034,
    "p90": 0.001170984,
    "p95": 0.001424897,
    "p99": 0.002731679,
    "p99.9": 0.009721241,
    "p99.99": 0.015383797
  },
  "firstByteHistogram": {
    "NaN": 0
  },
  "firstBytePercentiles": {
    "p10": null,
    "p25": null,
    "p50": null,
    "p75": null,
    "p90": null,
    "p95": null,
    "p99": null,
    "p99.9": null,
    "p99.99": null
  },
  "rps": {
    "mean": 1367.767455090866,
    "stddev": 580.0414948003736,
    "max": 3121.1353925378085,
    "min": 33.69658589898305,
    "percentiles": {
      "p10": 623.405834392879,
      "p25": 942.1200191815644,
      "p50": 1365.447252247665,
      "p75": 1777.47051934449,
      "p90": 2118.3925193710184,
      "p95": 2319.3524448647477,
      "p99": 2758.4236895878557,
      "p99.9": 3102.1006805387046,
      "p99.99": 3121.1353925378085
    }
  },
  "details": {
    "DNSDialup": {
      "average": 0.000340871,
      "fastest": 0.000340871,
      "slowest": 0.000340871
    },
    "DNSLookup": {
      "average": 0.000064966,
      "fastest": 0.000064966,
      "slowest": 0.000064966
    },
    "firstByte": {
      "average": null,
      "fastest": null,
      "slowest": null
    }
  },
  "statusCodeDistribution": {
    "500": 20691
  },
  "errorDistribution": {
    "aborted due to deadline": 1
  }
}