{
  "summary": {
    "successRate": 1.0,
    "total": 15.019401527,
    "slowest": 0.347666519,
    "fastest": 0.003821552,
    "average": 0.09515459579847305,
    "requestsPerSec": 10495.025365467081,
    "totalData": 2349450,
    "sizePerRequest": 15,
    "sizePerSec": 156427.67095456188
  },
  "responseTimeHistogram": {
    "0.003821552": 1,
    "0.0382060487": 41937,
    "0.07259054540000001": 5439,
    "0.10697504210000001": 50711,
    "0.14135953880000002": 26826,
    "0.1757440355": 16010,
    "0.21012853220000002": 13768,
    "0.24451302890000004": 1627,
    "0.27889752560000003": 166,
    "0.3132820223": 66,
    "0.347666519": 79
  },
  "latencyPercentiles": {
    "p10": 0.02332809,
    "p25": 0.035256363,
    "p50": 0.097894328,
    "p75": 0.120532239,
    "p90": 0.175819116,
    "p95": 0.188906942,
    "p99": 0.213047016,
    "p99.9": 0.274587526,
    "p99.99": 0.334594505
  },
  "firstByteHistogram": {
    "0.003820995": 1,
    "0.038205522900000004": 41939,
    "0.0725900508": 5437,
    "0.1069745787": 50711,
    "0.1413591066": 26826,
    "0.17574363450000002": 16010,
    "0.2101281624": 13768,
    "0.2445126903": 1627,
    "0.2788972182": 166,
    "0.31328174610000004": 66,
    "0.34766627400000005": 79
  },
  "firstBytePercentiles": {
    "p10": 0.023327489,
    "p25": 0.035255878,
    "p50": 0.097894034,
    "p75": 0.120531867,
    "p90": 0.175818569,
    "p95": 0.188904811,
    "p99": 0.213046712,
    "p99.9": 0.27458728,
    "p99.99": 0.334593906
  },
  "rps": {
    "mean": 10472.177836476905,
    "stddev": 3088.696175261783,
    "max": 22483.097528463877,
    "min": 12.37281549900035,
    "percentiles": {
      "p10": 6707.389531046088,
      "p25": 8511.777746868349,
      "p50": 10438.687356347733,
      "p75": 12505.552465294433,
      "p90": 14365.29745960225,
      "p95": 15420.151321029982,
      "p99": 17858.337242388792,
      "p99.9": 22192.395820761645,
      "p99.99": 22483.097528463877
    }
  },
  "details": {
    "DNSDialup": {
      "average": 0.02670135194399998,
      "fastest": 0.004419343,
      "slowest": 0.079526858
    },
    "DNSLookup": {
      "average": 0.000012963236999999996,
      "fastest": 3.688e-6,
      "slowest": 0.004510508
    },
    "firstByte": {
      "average": 0.09515397332431956,
      "fastest": 0.003820995,
      "slowest": 0.347666274
    }
  },
  "statusCodeDistribution": {
    "200": 156630
  },
  "errorDistribution": {
    "aborted due to deadline": 999
  }
}