{
  "summary": {
    "successRate": 1.0,
    "total": 15.001821085,
    "slowest": 0.010810178,
    "fastest": 0.000252801,
    "average": 0.001015640948396661,
    "requestsPerSec": 9799.876906077634,
    "totalData": 2205090,
    "sizePerRequest": 15,
    "sizePerSec": 146988.1548050738
  },
  "responseTimeHistogram": {
    "0.000252801": 1,
    "0.0013085387": 124962,
    "0.0023642764": 18823,
    "0.0034200141": 2487,
    "0.0044757518": 593,
    "0.0055314895": 105,
    "0.0065872272": 21,
    "0.0076429649": 7,
    "0.0086987026": 2,
    "0.0097544403": 0,
    "0.010810178": 5
  },
  "latencyPercentiles": {
    "p10": 0.000603071,
    "p25": 0.00073884,
    "p50": 0.000933032,
    "p75": 0.001155577,
    "p90": 0.001450238,
    "p95": 0.001775099,
    "p99": 0.002946475,
    "p99.9": 0.004413466,
    "p99.99": 0.006535613
  },
  "firstByteHistogram": {
    "0.000252251": 1,
    "0.0013079573": 124969,
    "0.0023636636000000004": 18816,
    "0.0034193699": 2488,
    "0.004475076200000001": 592,
    "0.005530782500000001": 105,
    "0.006586488800000001": 21,
    "0.0076421951000000005": 7,
    "0.008697901400000001": 2,
    "0.009753607700000002": 0,
    "0.010809314000000002": 5
  },
  "firstBytePercentiles": {
    "p10": 0.000602441,
    "p25": 0.000738179,
    "p50": 0.000932407,
    "p75": 0.001154966,
    "p90": 0.001449471,
    "p95": 0.00177448,
    "p99": 0.002943993,
    "p99.9": 0.00441287,
    "p99.99": 0.006535069
  },
  "rps": {
    "mean": 9797.044929124779,
    "stddev": 1591.1469848276504,
    "max": 12574.501405929435,
    "min": 2040.0883480660013,
    "percentiles": {
      "p10": 7525.883772057204,
      "p25": 9182.930721878069,
      "p50": 10178.62986481243,
      "p75": 10904.041757953411,
      "p90": 11405.129232843401,
      "p95": 11695.467518177771,
      "p99": 12056.236772331036,
      "p99.9": 12413.15919005716,
      "p99.99": 12574.501405929435
    }
  },
  "details": {
    "DNSDialup": {
      "average": 0.0008390931000000001,
      "fastest": 0.00013686,
      "slowest": 0.003174432
    },
    "DNSLookup": {
      "average": 0.0003351737,
      "fastest": 4.318e-6,
      "slowest": 0.002542944
    },
    "firstByte": {
      "average": 0.0010149622688801795,
      "fastest": 0.000252251,
      "slowest": 0.010809314
    }
  },
  "statusCodeDistribution": {
    "200": 147006
  },
  "errorDistribution": {
    "aborted due to deadline": 10
  }
}