{
  "summary": {
    "successRate": 1.0,
    "total": 15.002710568,
    "slowest": 0.033998925,
    "fastest": 0.000077566,
    "average": 0.0006697004995541606,
    "requestsPerSec": 14801.325333412911,
    "totalData": 0,
    "sizePerRequest": 0,
    "sizePerSec": 0.0
  },
  "responseTimeHistogram": {
    "0.000077566": 1,
    "0.0034697019": 221611,
    "0.0068618378": 354,
    "0.0102539737": 67,
    "0.0136461096": 13,
    "0.0170382455": 2,
    "0.020430381400000003": 0,
    "0.023822517300000002": 0,
    "0.0272146532": 0,
    "0.0306067891": 1,
    "0.033998925": 1
  },
  "latencyPercentiles": {
    "p10": 0.000375208,
    "p25": 0.000461935,
    "p50": 0.000582448,
    "p75": 0.000761721,
    "p90": 0.001024498,
    "p95": 0.001268192,
    "p99": 0.002043653,
    "p99.9": 0.004436232,
    "p99.99": 0.009926143
  },
  "firstByteHistogram": {
    "NaN": 0
  },
  "firstBytePercentiles": {
    "p10": null,
    "p25": null,
    "p50": null,
    "p75": null,
    "p90": null,
    "p95": null,
    "p99": null,
    "p99.9": null,
    "p99.99": null
  },
  "rps": {
    "mean": 14784.057272697828,
    "stddev": 3170.3265749939383,
    "max": 22205.397276460513,
    "min": 449.3998265316669,
    "percentiles": {
      "p10": 10708.233560784794,
      "p25": 13238.618500658764,
      "p50": 15191.938978449889,
      "p75": 16999.63485991425,
      "p90": 18237.411601452754,
      "p95": 18996.09830408828,
      "p99": 20286.372842312787,
      "p99.9": 22167.100257845195,
      "p99.99": 22205.397276460513
    }
  },
  "details": {
    "DNSDialup": {
      "average": 0.0004761852000000001,
      "fastest": 0.00012136,
      "slowest": 0.001088808
    },
    "DNSLookup": {
      "average": 0.00010391980000000001,
      "fastest": 7.075e-6,
      "slowest": 0.000448363
    },
    "firstByte": {
      "average": null,
      "fastest": null,
      "slowest": null
    }
  },
  "statusCodeDistribution": {
    "500": 222050
  },
  "errorDistribution": {
    "aborted due to deadline": 10
  }
}