{
  "summary": {
    "successRate": 1.0,
    "total": 15.010695854,
    "slowest": 0.261631297,
    "fastest": 0.004163321,
    "average": 0.04758916470986734,
    "requestsPerSec": 10507.241072236571,
    "totalData": 2358315,
    "sizePerRequest": 15,
    "sizePerSec": 157108.97235797127
  },
  "responseTimeHistogram": {
    "0.004163321": 1,
    "0.0299101186": 31636,
    "0.055656916199999996": 77646,
    "0.0814037138": 41917,
    "0.1071505114": 5249,
    "0.132897309": 345,
    "0.1586441066": 68,
    "0.18439090419999998": 151,
    "0.2101377018": 172,
    "0.2358844994": 22,
    "0.261631297": 14
  },
  "latencyPercentiles": {
    "p10": 0.023421375,
    "p25": 0.033151316,
    "p50": 0.046427964,
    "p75": 0.059329766,
    "p90": 0.072495327,
    "p95": 0.078935055,
    "p99": 0.096265643,
    "p99.9": 0.191122053,
    "p99.99": 0.221996978
  },
  "firstByteHistogram": {
    "0.004162639": 1,
    "0.029909474499999998": 31635,
    "0.05565631": 77646,
    "0.0814031455": 41918,
    "0.10714998099999999": 5249,
    "0.1328968165": 345,
    "0.158643652": 68,
    "0.18439048749999998": 151,
    "0.210137323": 172,
    "0.2358841585": 22,
    "0.261630994": 14
  },
  "firstBytePercentiles": {
    "p10": 0.023420628,
    "p25": 0.033150869,
    "p50": 0.046427327,
    "p75": 0.059328911,
    "p90": 0.072494619,
    "p95": 0.078934545,
    "p99": 0.096265392,
    "p99.9": 0.191121253,
    "p99.99": 0.221996357
  },
  "rps": {
    "mean": 10505.164582411831,
    "stddev": 2956.8689897522218,
    "max": 21497.4450996316,
    "min": 21.358584077948752,
    "percentiles": {
      "p10": 7022.7938821030475,
      "p25": 8693.774529585979,
      "p50": 10481.875209510628,
      "p75": 12376.900156049893,
      "p90": 14181.003492375556,
      "p95": 15403.211393203801,
      "p99": 17581.30057185612,
      "p99.9": 18852.63358519934,
      "p99.99": 21497.4450996316
    }
  },
  "details": {
    "DNSDialup": {
      "average": 0.00993522361,
      "fastest": 0.002139277,
      "slowest": 0.022878001
    },
    "DNSLookup": {
      "average": 5.416409999999997e-6,
      "fastest": 3.742e-6,
      "slowest": 0.000079219
    },
    "firstByte": {
      "average": 0.047588530718166766,
      "fastest": 0.004162639,
      "slowest": 0.261630994
    }
  },
  "statusCodeDistribution": {
    "200": 157221
  },
  "errorDistribution": {
    "aborted due to deadline": 500
  }
}