{
  "summary": {
    "successRate": 1.0,
    "total": 15.024885137,
    "slowest": 0.225400251,
    "fastest": 0.001273828,
    "average": 0.028237133538558393,
    "requestsPerSec": 17646.723923836944,
    "totalData": 0,
    "sizePerRequest": 0,
    "sizePerSec": 0.0
  },
  "responseTimeHistogram": {
    "0.001273828": 1,
    "0.0236864703": 132078,
    "0.0460991126": 95477,
    "0.0685117549": 31530,
    "0.0909243972": 4931,
    "0.11333703950000001": 173,
    "0.1357496818": 249,
    "0.1581623241": 82,
    "0.1805749664": 75,
    "0.20298760870000002": 31,
    "0.22540025100000002": 13
  },
  "latencyPercentiles": {
    "p10": 0.010069263,
    "p25": 0.013934796,
    "p50": 0.023761008,
    "p75": 0.039871116,
    "p90": 0.050025718,
    "p95": 0.059978763,
    "p99": 0.073834377,
    "p99.9": 0.127183553,
    "p99.99": 0.194190119
  },
  "firstByteHistogram": {
    "NaN": 0
  },
  "firstBytePercentiles": {
    "p10": null,
    "p25": null,
    "p50": null,
    "p75": null,
    "p90": null,
    "p95": null,
    "p99": null,
    "p99.9": null,
    "p99.99": null
  },
  "rps": {
    "mean": 17729.603253676905,
    "stddev": 4711.305625795729,
    "max": 34360.953578753346,
    "min": 12.766180773485786,
    "percentiles": {
      "p10": 12020.545516397146,
      "p25": 14892.776662025342,
      "p50": 17634.12713029899,
      "p75": 20815.213839795742,
      "p90": 23671.059806939393,
      "p95": 25467.08349140785,
      "p99": 28776.74306033719,
      "p99.9": 32503.84195411891,
      "p99.99": 34360.953578753346
    }
  },
  "details": {
    "DNSDialup": {
      "average": 0.037938029617999976,
      "fastest": 0.000563793,
      "slowest": 0.095623764
    },
    "DNSLookup": {
      "average": 6.853726000000001e-6,
      "fastest": 1.3e-6,
      "slowest": 0.000329459
    },
    "firstByte": {
      "average": null,
      "fastest": null,
      "slowest": null
    }
  },
  "statusCodeDistribution": {
    "500": 264634,
    "502": 6
  },
  "errorDistribution": {
    "aborted due to deadline": 500
  }
}