{
  "summary": {
    "successRate": 1.0,
    "total": 15.004552713,
    "slowest": 0.055304942,
    "fastest": 0.000226149,
    "average": 0.003861263324682438,
    "requestsPerSec": 25856.085644183906,
    "totalData": 0,
    "sizePerRequest": 0,
    "sizePerSec": 0.0
  },
  "responseTimeHistogram": {
    "0.000226149": 1,
    "0.0057340283": 335291,
    "0.0112419076": 49755,
    "0.016749786899999997": 1987,
    "0.022257666199999998": 379,
    "0.0277655455": 72,
    "0.0332734248": 141,
    "0.038781304100000004": 140,
    "0.0442891834": 41,
    "0.0497970627": 51,
    "0.055304942": 1
  },
  "latencyPercentiles": {
    "p10": 0.00200571,
    "p25": 0.002567615,
    "p50": 0.003385897,
    "p75": 0.004578561,
    "p90": 0.006290588,
    "p95": 0.007462057,
    "p99": 0.010505033,
    "p99.9": 0.027157555,
    "p99.99": 0.046031986
  },
  "firstByteHistogram": {
    "NaN": 0
  },
  "firstBytePercentiles": {
    "p10": null,
    "p25": null,
    "p50": null,
    "p75": null,
    "p90": null,
    "p95": null,
    "p99": null,
    "p99.9": null,
    "p99.99": null
  },
  "rps": {
    "mean": 25851.195748299942,
    "stddev": 6722.135640821314,
    "max": 47471.40828257429,
    "min": 32.91974068461868,
    "percentiles": {
      "p10": 17745.862406803826,
      "p25": 22057.847413120344,
      "p50": 26160.199831727234,
      "p75": 30131.814636308,
      "p90": 33861.60255113054,
      "p95": 36353.03852867733,
      "p99": 40240.43761576143,
      "p99.9": 45901.46978912226,
      "p99.99": 47471.40828257429
    }
  },
  "details": {
    "DNSDialup": {
      "average": 0.0005823582200000001,
      "fastest": 0.00018706,
      "slowest": 0.001911986
    },
    "DNSLookup": {
      "average": 8.000459999999998e-6,
      "fastest": 2.194e-6,
      "slowest": 0.000095359
    },
    "firstByte": {
      "average": null,
      "fastest": null,
      "slowest": null
    }
  },
  "statusCodeDistribution": {
    "500": 387859
  },
  "errorDistribution": {
    "aborted due to deadline": 100
  }
}