{
  "summary": {
    "successRate": 1.0,
    "total": 15.004560516,
    "slowest": 0.056006752,
    "fastest": 0.000147088,
    "average": 0.002926683035855442,
    "requestsPerSec": 17048.016816436026,
    "totalData": 0,
    "sizePerRequest": 0,
    "sizePerSec": 0.0
  },
  "responseTimeHistogram": {
    "0.000147088": 1,
    "0.005733054400000001": 241801,
    "0.011319020800000001": 12560,
    "0.016904987200000002": 821,
    "0.022490953600000002": 237,
    "0.028076920000000002": 79,
    "0.0336628864": 65,
    "0.0392488528": 46,
    "0.0448348192": 21,
    "0.050420785600000004": 77,
    "0.056006752": 41
  },
  "latencyPercentiles": {
    "p10": 0.001410069,
    "p25": 0.001850312,
    "p50": 0.002489342,
    "p75": 0.003438232,
    "p90": 0.004785156,
    "p95": 0.00588299,
    "p99": 0.009151147,
    "p99.9": 0.027704025,
    "p99.99": 0.052585524
  },
  "firstByteHistogram": {
    "NaN": 0
  },
  "firstBytePercentiles": {
    "p10": null,
    "p25": null,
    "p50": null,
    "p75": null,
    "p90": null,
    "p95": null,
    "p99": null,
    "p99.9": null,
    "p99.99": null
  },
  "rps": {
    "mean": 17104.636989584018,
    "stddev": 5874.95704373723,
    "max": 94139.79759892961,
    "min": 28.972387373683024,
    "percentiles": {
      "p10": 10111.273058333501,
      "p25": 13750.857546635823,
      "p50": 17339.91648775284,
      "p75": 21035.712328820682,
      "p90": 23900.320264288832,
      "p95": 25531.312647206,
      "p99": 28543.106573426863,
      "p99.9": 32267.99835293012,
      "p99.99": 94139.79759892961
    }
  },
  "details": {
    "DNSDialup": {
      "average": 0.0002696789,
      "fastest": 0.00005929,
      "slowest": 0.001626847
    },
    "DNSLookup": {
      "average": 0.000011405460000000003,
      "fastest": 1.497e-6,
      "slowest": 0.000103889
    },
    "firstByte": {
      "average": null,
      "fastest": null,
      "slowest": null
    }
  },
  "statusCodeDistribution": {
    "500": 255749
  },
  "errorDistribution": {
    "aborted due to deadline": 49
  }
}