{
  "summary": {
    "successRate": 1.0,
    "total": 15.020005064,
    "slowest": 13.533357512,
    "fastest": 0.000308245,
    "average": 0.042332976924409293,
    "requestsPerSec": 14323.09770092099,
    "totalData": 0,
    "sizePerRequest": 0,
    "sizePerSec": 0.0
  },
  "responseTimeHistogram": {
    "0.000308245": 1,
    "1.3536131717000002": 214165,
    "10.8267476586": 0,
    "12.1800525853": 0,
    "13.533357512": 1,
    "2.7069180984": 0,
    "4.060223025100001": 0,
    "5.413527951800001": 0,
    "6.766832878500001": 0,
    "8.1201378052": 0,
    "9.4734427319": 0
  },
  "latencyPercentiles": {
    "p10": 0.013040032,
    "p25": 0.018081676,
    "p50": 0.04231593,
    "p75": 0.056837246,
    "p90": 0.074845308,
    "p95": 0.089548999,
    "p99": 0.105711635,
    "p99.9": 0.56989468,
    "p99.99": 0.621778735
  },
  "firstByteHistogram": {
    "NaN": 0
  },
  "firstBytePercentiles": {
    "p10": null,
    "p25": null,
    "p50": null,
    "p75": null,
    "p90": null,
    "p95": null,
    "p99": null,
    "p99.9": null,
    "p99.99": null
  },
  "rps": {
    "mean": 14715.183955625022,
    "stddev": 4473.072650645457,
    "max": 44890.802619368165,
    "min": 2.1828853857517343,
    "percentiles": {
      "p10": 9304.397258144614,
      "p25": 11878.677333855709,
      "p50": 14507.868906897436,
      "p75": 17494.3358295627,
      "p90": 20242.82323936527,
      "p95": 22154.8858495573,
      "p99": 26445.55882809597,
      "p99.9": 30727.704339233474,
      "p99.99": 44890.802619368165
    }
  },
  "details": {
    "DNSDialup": {
      "average": 0.017707361107084024,
      "fastest": 0.000905705,
      "slowest": 0.050110895
    },
    "DNSLookup": {
      "average": 3.091906095551894e-6,
      "fastest": 1.345e-6,
      "slowest": 0.000084628
    },
    "firstByte": {
      "average": null,
      "fastest": null,
      "slowest": null
    }
  },
  "statusCodeDistribution": {
    "500": 213248,
    "502": 919
  },
  "errorDistribution": {
    "aborted due to deadline": 966
  }
}