{
  "summary": {
    "successRate": 1.0,
    "total": 15.004752374,
    "slowest": 0.031116588,
    "fastest": 0.000115064,
    "average": 0.0008563996881947922,
    "requestsPerSec": 11582.863593347562,
    "totalData": 0,
    "sizePerRequest": 0,
    "sizePerSec": 0.0
  },
  "responseTimeHistogram": {
    "0.000115064": 1,
    "0.0032152163999999996": 172530,
    "0.006315368799999999": 1218,
    "0.009415521199999999": 37,
    "0.012515673599999999": 0,
    "0.015615826": 0,
    "0.0187159784": 0,
    "0.0218161308": 0,
    "0.0249162832": 0,
    "0.0280164356": 1,
    "0.031116588": 1
  },
  "latencyPercentiles": {
    "p10": 0.00045719,
    "p25": 0.000560529,
    "p50": 0.000717781,
    "p75": 0.0009739,
    "p90": 0.001388261,
    "p95": 0.001775539,
    "p99": 0.002948481,
    "p99.9": 0.004887582,
    "p99.99": 0.006965891
  },
  "firstByteHistogram": {
    "NaN": 0
  },
  "firstBytePercentiles": {
    "p10": null,
    "p25": null,
    "p50": null,
    "p75": null,
    "p90": null,
    "p95": null,
    "p99": null,
    "p99.9": null,
    "p99.99": null
  },
  "rps": {
    "mean": 11573.15925284018,
    "stddev": 2871.99240957317,
    "max": 19235.076400514972,
    "min": 1400.3343998547723,
    "percentiles": {
      "p10": 7711.057656679759,
      "p25": 9676.088263404761,
      "p50": 11812.268221775135,
      "p75": 13634.880751938874,
      "p90": 15175.20375726099,
      "p95": 15925.184086113682,
      "p99": 17326.809772761455,
      "p99.9": 19004.823649030423,
      "p99.99": 19235.076400514972
    }
  },
  "details": {
    "DNSDialup": {
      "average": 0.0018680865,
      "fastest": 0.000061409,
      "slowest": 0.009148781
    },
    "DNSLookup": {
      "average": 0.000023306600000000005,
      "fastest": 3.946e-6,
      "slowest": 0.000046801
    },
    "firstByte": {
      "average": null,
      "fastest": null,
      "slowest": null
    }
  },
  "statusCodeDistribution": {
    "500": 173788
  },
  "errorDistribution": {
    "aborted due to deadline": 10
  }
}