{
  "summary": {
    "successRate": 1.0,
    "total": 15.005235871,
    "slowest": 0.051071919,
    "fastest": 0.000117497,
    "average": 0.001979027979245262,
    "requestsPerSec": 25200.00373541612,
    "totalData": 0,
    "sizePerRequest": 0,
    "sizePerSec": 0.0
  },
  "responseTimeHistogram": {
    "0.000117497": 1,
    "0.0052129392": 374065,
    "0.010308381399999999": 3713,
    "0.015403823599999998": 156,
    "0.0204992658": 42,
    "0.025594708": 44,
    "0.0306901502": 30,
    "0.035785592399999996": 0,
    "0.0408810346": 3,
    "0.0459764768": 17,
    "0.051071919": 11
  },
  "latencyPercentiles": {
    "p10": 0.001054011,
    "p25": 0.001365336,
    "p50": 0.001792187,
    "p75": 0.002355957,
    "p90": 0.00304503,
    "p95": 0.003590439,
    "p99": 0.005292682,
    "p99.9": 0.009570869,
    "p99.99": 0.026983366
  },
  "firstByteHistogram": {
    "NaN": 0
  },
  "firstBytePercentiles": {
    "p10": null,
    "p25": null,
    "p50": null,
    "p75": null,
    "p90": null,
    "p95": null,
    "p99": null,
    "p99.9": null,
    "p99.99": null
  },
  "rps": {
    "mean": 25207.230955680447,
    "stddev": 5812.710354474001,
    "max": 43978.63820297068,
    "min": 43.18481442276067,
    "percentiles": {
      "p10": 18143.64635567197,
      "p25": 21658.77994854958,
      "p50": 25661.079729678946,
      "p75": 29028.785591195898,
      "p90": 32223.22278407507,
      "p95": 33926.74611908377,
      "p99": 37655.47473555943,
      "p99.9": 40814.86618022428,
      "p99.99": 43978.63820297068
    }
  },
  "details": {
    "DNSDialup": {
      "average": 0.0007915208799999999,
      "fastest": 0.000095622,
      "slowest": 0.004432799
    },
    "DNSLookup": {
      "average": 0.0000166159,
      "fastest": 2.389e-6,
      "slowest": 0.00009461
    },
    "firstByte": {
      "average": null,
      "fastest": null,
      "slowest": null
    }
  },
  "statusCodeDistribution": {
    "500": 378082
  },
  "errorDistribution": {
    "aborted due to deadline": 50
  }
}