{
  "summary": {
    "successRate": 1.0,
    "total": 15.028755647,
    "slowest": 0.438626149,
    "fastest": 0.003743907,
    "average": 0.10123839050402897,
    "requestsPerSec": 9864.955122189032,
    "totalData": 2209005,
    "sizePerRequest": 15,
    "sizePerSec": 146985.22298757022
  },
  "responseTimeHistogram": {
    "0.003743907": 1,
    "0.0472321312": 39102,
    "0.09072035540000001": 13657,
    "0.1342085796": 58783,
    "0.1776968038": 18422,
    "0.221185028": 15137,
    "0.2646732522": 1434,
    "0.3081614764": 581,
    "0.3516497006": 82,
    "0.3951379248": 23,
    "0.438626149": 45
  },
  "latencyPercentiles": {
    "p10": 0.025328697,
    "p25": 0.041452312,
    "p50": 0.101016729,
    "p75": 0.130358842,
    "p90": 0.182389515,
    "p95": 0.195965579,
    "p99": 0.235612521,
    "p99.9": 0.310785727,
    "p99.99": 0.411203967
  },
  "firstByteHistogram": {
    "0.003743191": 1,
    "0.0472314292": 39102,
    "0.09071966740000001": 13657,
    "0.1342079056": 58783,
    "0.1776961438": 18422,
    "0.221184382": 15137,
    "0.2646726202": 1434,
    "0.30816085839999996": 581,
    "0.3516490966": 82,
    "0.3951373348": 23,
    "0.438625573": 45
  },
  "firstBytePercentiles": {
    "p10": 0.025328424,
    "p25": 0.041451469,
    "p50": 0.101015647,
    "p75": 0.130358329,
    "p90": 0.182388838,
    "p95": 0.195964933,
    "p99": 0.235611875,
    "p99.9": 0.310785107,
    "p99.99": 0.41120311
  },
  "rps": {
    "mean": 9826.532782460195,
    "stddev": 3095.3440308388417,
    "max": 20236.62759118143,
    "min": 13.404503921360279,
    "percentiles": {
      "p10": 5849.765034437907,
      "p25": 7635.663598724632,
      "p50": 9973.48563954085,
      "p75": 11995.491837119522,
      "p90": 13702.919631841041,
      "p95": 14671.539122427524,
      "p99": 17028.884393707664,
      "p99.9": 19180.820304434797,
      "p99.99": 20236.62759118143
    }
  },
  "details": {
    "DNSDialup": {
      "average": 0.025896784244000028,
      "fastest": 0.007313856,
      "slowest": 0.058453958
    },
    "DNSLookup": {
      "average": 9.669617e-6,
      "fastest": 3.743e-6,
      "slowest": 0.002468816
    },
    "firstByte": {
      "average": 0.10123770155803306,
      "fastest": 0.003743191,
      "slowest": 0.438625573
    }
  },
  "statusCodeDistribution": {
    "200": 147267
  },
  "errorDistribution": {
    "aborted due to deadline": 991
  }
}