{
  "summary": {
    "successRate": 1.0,
    "total": 15.001675928,
    "slowest": 0.005916265,
    "fastest": 0.000294204,
    "average": 0.00035208087959985644,
    "requestsPerSec": 2798.7539659908857,
    "totalData": 629775,
    "sizePerRequest": 15,
    "sizePerSec": 41980.30960157934
  },
  "responseTimeHistogram": {
    "0.000294204": 1,
    "0.0008564101": 41823,
    "0.0014186162": 101,
    "0.0019808223000000002": 29,
    "0.0025430284000000003": 22,
    "0.0031052345000000003": 5,
    "0.0036674406000000003": 2,
    "0.0042296467": 1,
    "0.0047918528": 0,
    "0.005354058900000001": 0,
    "0.005916265": 1
  },
  "latencyPercentiles": {
    "p10": 0.000319661,
    "p25": 0.000325208,
    "p50": 0.000333301,
    "p75": 0.000349899,
    "p90": 0.000392515,
    "p95": 0.000435333,
    "p99": 0.000608174,
    "p99.9": 0.001709801,
    "p99.99": 0.002875619
  },
  "firstByteHistogram": {
    "0.000293486": 1,
    "0.0008555751": 41823,
    "0.0014176642": 101,
    "0.0019797533": 29,
    "0.0025418424": 22,
    "0.0031039315": 5,
    "0.0036660206": 2,
    "0.0042281097000000005": 1,
    "0.0047901988": 0,
    "0.0053522879": 0,
    "0.005914377": 1
  },
  "firstBytePercentiles": {
    "p10": 0.000318952,
    "p25": 0.000324487,
    "p50": 0.00033258,
    "p75": 0.000349155,
    "p90": 0.000391726,
    "p95": 0.00043439,
    "p99": 0.000607341,
    "p99.9": 0.001708814,
    "p99.99": 0.002873528
  },
  "rps": {
    "mean": 2797.5746794321453,
    "stddev": 317.5636535063144,
    "max": 3094.3779072969915,
    "min": 723.5723968293543,
    "percentiles": {
      "p10": 2385.441257886991,
      "p25": 2754.7177857945876,
      "p50": 2912.2264000953305,
      "p75": 2989.0106446914206,
      "p90": 3023.1427624754697,
      "p95": 3043.843830924951,
      "p99": 3065.5049356668906,
      "p99.9": 3087.7774856967476,
      "p99.99": 3094.3779072969915
    }
  },
  "details": {
    "DNSDialup": {
      "average": 0.000250901,
      "fastest": 0.000250901,
      "slowest": 0.000250901
    },
    "DNSLookup": {
      "average": 0.000052678,
      "fastest": 0.000052678,
      "slowest": 0.000052678
    },
    "firstByte": {
      "average": 0.00035132675886625977,
      "fastest": 0.000293486,
      "slowest": 0.005914377
    }
  },
  "statusCodeDistribution": {
    "200": 41985
  },
  "errorDistribution": {
    "aborted due to deadline": 1
  }
}