{
  "summary": {
    "successRate": 1.0,
    "total": 15.010736923,
    "slowest": 0.416513302,
    "fastest": 0.000860587,
    "average": 0.028330473604450197,
    "requestsPerSec": 17615.990564382766,
    "totalData": 0,
    "sizePerRequest": 0,
    "sizePerSec": 0.0
  },
  "responseTimeHistogram": {
    "0.000860587": 1,
    "0.0424258585": 211901,
    "0.08399112999999998": 51180,
    "0.12555640149999997": 287,
    "0.16712167299999997": 39,
    "0.20868694449999997": 26,
    "0.25025221599999997": 43,
    "0.2918174875": 72,
    "0.333382759": 86,
    "0.3749480305": 152,
    "0.416513302": 142
  },
  "latencyPercentiles": {
    "p10": 0.00933308,
    "p25": 0.013345213,
    "p50": 0.023689152,
    "p75": 0.039695735,
    "p90": 0.050115737,
    "p95": 0.060050749,
    "p99": 0.074415307,
    "p99.9": 0.3499799,
    "p99.99": 0.410363411
  },
  "firstByteHistogram": {
    "NaN": 0
  },
  "firstBytePercentiles": {
    "p10": null,
    "p25": null,
    "p50": null,
    "p75": null,
    "p90": null,
    "p95": null,
    "p99": null,
    "p99.9": null,
    "p99.99": null
  },
  "rps": {
    "mean": 17652.63143265618,
    "stddev": 5748.288033240006,
    "max": 43317.01552618836,
    "min": 14.297202087591666,
    "percentiles": {
      "p10": 10840.912346868045,
      "p25": 14049.100969292145,
      "p50": 17728.908758623802,
      "p75": 21512.909897228903,
      "p90": 24703.004116264958,
      "p95": 26741.786839066564,
      "p99": 29970.901899365475,
      "p99.9": 37633.32823778736,
      "p99.99": 43317.01552618836
    }
  },
  "details": {
    "DNSDialup": {
      "average": 0.018726357417999988,
      "fastest": 0.000706533,
      "slowest": 0.030394666
    },
    "DNSLookup": {
      "average": 6.310369999999998e-6,
      "fastest": 1.173e-6,
      "slowest": 0.000100041
    },
    "firstByte": {
      "average": null,
      "fastest": null,
      "slowest": null
    }
  },
  "statusCodeDistribution": {
    "500": 263912,
    "502": 17
  },
  "errorDistribution": {
    "aborted due to deadline": 500
  }
}