{
  "summary": {
    "successRate": 1.0,
    "total": 15.001613436,
    "slowest": 0.015987655,
    "fastest": 0.000063243,
    "average": 0.00037276462124072275,
    "requestsPerSec": 2648.7817573437706,
    "totalData": 0,
    "sizePerRequest": 0,
    "sizePerSec": 0.0
  },
  "responseTimeHistogram": {
    "0.000063243": 1,
    "0.0016556841999999998": 39559,
    "0.0032481254": 125,
    "0.0048405665999999995": 22,
    "0.0064330077999999995": 15,
    "0.008025448999999999": 5,
    "0.009617890199999998": 2,
    "0.011210331399999999": 3,
    "0.012802772599999998": 0,
    "0.014395213799999997": 1,
    "0.015987655": 2
  },
  "latencyPercentiles": {
    "p10": 0.000228831,
    "p25": 0.000270093,
    "p50": 0.000327684,
    "p75": 0.000410589,
    "p90": 0.000524194,
    "p95": 0.000633515,
    "p99": 0.001105526,
    "p99.9": 0.003712753,
    "p99.99": 0.010407197
  },
  "firstByteHistogram": {
    "NaN": 0
  },
  "firstBytePercentiles": {
    "p10": null,
    "p25": null,
    "p50": null,
    "p75": null,
    "p90": null,
    "p95": null,
    "p99": null,
    "p99.9": null,
    "p99.99": null
  },
  "rps": {
    "mean": 2641.7124949667805,
    "stddev": 710.0753665817808,
    "max": 7213.656203038266,
    "min": 62.48640920599699,
    "percentiles": {
      "p10": 1843.543011087522,
      "p25": 2252.374232797831,
      "p50": 2664.42263071768,
      "p75": 3062.5329413698855,
      "p90": 3436.987137075754,
      "p95": 3762.470938725313,
      "p99": 4306.2220602548705,
      "p99.9": 5032.290193254045,
      "p99.99": 7213.656203038266
    }
  },
  "details": {
    "DNSDialup": {
      "average": 0.000408296,
      "fastest": 0.000408296,
      "slowest": 0.000408296
    },
    "DNSLookup": {
      "average": 0.00020773,
      "fastest": 0.00020773,
      "slowest": 0.00020773
    },
    "firstByte": {
      "average": null,
      "fastest": null,
      "slowest": null
    }
  },
  "statusCodeDistribution": {
    "500": 39735
  },
  "errorDistribution": {
    "aborted due to deadline": 1
  }
}