{
  "summary": {
    "successRate": 1.0,
    "total": 15.007517065,
    "slowest": 0.056457337,
    "fastest": 0.000251312,
    "average": 0.005447410808724252,
    "requestsPerSec": 18332.612837178873,
    "totalData": 0,
    "sizePerRequest": 0,
    "sizePerSec": 0.0
  },
  "responseTimeHistogram": {
    "0.000251312": 1,
    "0.0058719145": 180158,
    "0.011492517": 86434,
    "0.0171131195": 7320,
    "0.022733722": 772,
    "0.028354324500000003": 221,
    "0.033974926999999995": 90,
    "0.0395955295": 5,
    "0.045216132": 9,
    "0.0508367345": 16,
    "0.056457337": 1
  },
  "latencyPercentiles": {
    "p10": 0.002770526,
    "p25": 0.003608542,
    "p50": 0.004875384,
    "p75": 0.006671267,
    "p90": 0.008750638,
    "p95": 0.01031109,
    "p99": 0.014281786,
    "p99.9": 0.025139479,
    "p99.99": 0.03888551
  },
  "firstByteHistogram": {
    "NaN": 0
  },
  "firstBytePercentiles": {
    "p10": null,
    "p25": null,
    "p50": null,
    "p75": null,
    "p90": null,
    "p95": null,
    "p99": null,
    "p99.9": null,
    "p99.99": null
  },
  "rps": {
    "mean": 18339.559115974418,
    "stddev": 5331.211045926191,
    "max": 34192.0420464445,
    "min": 37.60290929196842,
    "percentiles": {
      "p10": 11555.189897990653,
      "p25": 14873.029854723864,
      "p50": 18442.30900593554,
      "p75": 21976.628106883963,
      "p90": 25018.21576289812,
      "p95": 26911.728131115284,
      "p99": 29913.32339423757,
      "p99.9": 32875.7353676744,
      "p99.99": 34192.0420464445
    }
  },
  "details": {
    "DNSDialup": {
      "average": 0.00032769012,
      "fastest": 0.000091974,
      "slowest": 0.002200424
    },
    "DNSLookup": {
      "average": 5.6491600000000015e-6,
      "fastest": 1.47e-6,
      "slowest": 0.000063455
    },
    "firstByte": {
      "average": null,
      "fastest": null,
      "slowest": null
    }
  },
  "statusCodeDistribution": {
    "500": 275027
  },
  "errorDistribution": {
    "aborted due to deadline": 100
  }
}