{
  "summary": {
    "successRate": 1.0,
    "total": 15.002210872,
    "slowest": 0.008676727,
    "fastest": 0.000242116,
    "average": 0.001035617044072976,
    "requestsPerSec": 9610.516825163048,
    "totalData": 2162550,
    "sizePerRequest": 15,
    "sizePerSec": 144148.75370377343
  },
  "responseTimeHistogram": {
    "0.000242116": 1,
    "0.0010855771": 93480,
    "0.0019290382000000002": 45398,
    "0.0027724993000000004": 3686,
    "0.0036159604000000002": 1087,
    "0.0044594215": 360,
    "0.0053028826": 108,
    "0.0061463437": 22,
    "0.0069898048": 22,
    "0.0078332659": 3,
    "0.008676727": 3
  },
  "latencyPercentiles": {
    "p10": 0.000619764,
    "p25": 0.000760299,
    "p50": 0.000960088,
    "p75": 0.001185763,
    "p90": 0.001475795,
    "p95": 0.001764012,
    "p99": 0.002862001,
    "p99.9": 0.004532556,
    "p99.99": 0.006684159
  },
  "firstByteHistogram": {
    "0.000241297": 1,
    "0.0010847469": 93449,
    "0.0019281968": 45429,
    "0.0027716467000000002": 3686,
    "0.0036150966": 1087,
    "0.0044585465": 360,
    "0.0053019964": 108,
    "0.006145446299999999": 22,
    "0.0069888962": 22,
    "0.0078323461": 3,
    "0.008675796": 3
  },
  "firstBytePercentiles": {
    "p10": 0.000619009,
    "p25": 0.000759574,
    "p50": 0.000959389,
    "p75": 0.001185044,
    "p90": 0.001475043,
    "p95": 0.001763259,
    "p99": 0.002861335,
    "p99.9": 0.004531879,
    "p99.99": 0.006683466
  },
  "rps": {
    "mean": 9602.965561639492,
    "stddev": 1654.4372443683149,
    "max": 12544.226045728648,
    "min": 2809.974566719496,
    "percentiles": {
      "p10": 7073.192058794319,
      "p25": 9122.804273844053,
      "p50": 10017.80765488751,
      "p75": 10692.916248496516,
      "p90": 11193.062479371867,
      "p95": 11433.605105742086,
      "p99": 11839.38489780125,
      "p99.9": 12529.044831728706,
      "p99.99": 12544.226045728648
    }
  },
  "details": {
    "DNSDialup": {
      "average": 0.0003629009,
      "fastest": 0.000102598,
      "slowest": 0.00139985
    },
    "DNSLookup": {
      "average": 0.00003800850000000001,
      "fastest": 5.8e-6,
      "slowest": 0.000080041
    },
    "firstByte": {
      "average": 0.0010348883459180209,
      "fastest": 0.000241297,
      "slowest": 0.008675796
    }
  },
  "statusCodeDistribution": {
    "200": 144170
  },
  "errorDistribution": {
    "aborted due to deadline": 9
  }
}