{
  "summary": {
    "successRate": 1.0,
    "total": 15.001707901,
    "slowest": 0.039656353,
    "fastest": 0.000134871,
    "average": 0.000978548485667218,
    "requestsPerSec": 1011.618150423285,
    "totalData": 0,
    "sizePerRequest": 0,
    "sizePerSec": 0.0
  },
  "responseTimeHistogram": {
    "0.000134871": 1,
    "0.0040870192": 14955,
    "0.0080391674": 146,
    "0.0119913156": 38,
    "0.015943463800000002": 16,
    "0.019895612": 13,
    "0.023847760200000002": 3,
    "0.027799908400000004": 1,
    "0.0317520566": 0,
    "0.0357042048": 1,
    "0.039656353": 1
  },
  "latencyPercentiles": {
    "p10": 0.000377095,
    "p25": 0.000474103,
    "p50": 0.000715463,
    "p75": 0.00118546,
    "p90": 0.001640692,
    "p95": 0.00201576,
    "p99": 0.004947978,
    "p99.9": 0.016514277,
    "p99.99": 0.032998923
  },
  "firstByteHistogram": {
    "NaN": 0
  },
  "firstBytePercentiles": {
    "p10": null,
    "p25": null,
    "p50": null,
    "p75": null,
    "p90": null,
    "p95": null,
    "p99": null,
    "p99.9": null,
    "p99.99": null
  },
  "rps": {
    "mean": 1008.5042748575357,
    "stddev": 575.6006704586798,
    "max": 3092.3610950050693,
    "min": 25.207522186778693,
    "percentiles": {
      "p10": 349.47994762694145,
      "p25": 598.9525996099451,
      "p50": 849.2477045365339,
      "p75": 1430.3475407372391,
      "p90": 1854.0736883045665,
      "p95": 2071.800526216416,
      "p99": 2436.5847049010695,
      "p99.9": 2916.240543587283,
      "p99.99": 3092.3610950050693
    }
  },
  "details": {
    "DNSDialup": {
      "average": 0.000392407,
      "fastest": 0.000392407,
      "slowest": 0.000392407
    },
    "DNSLookup": {
      "average": 0.000153981,
      "fastest": 0.000153981,
      "slowest": 0.000153981
    },
    "firstByte": {
      "average": null,
      "fastest": null,
      "slowest": null
    }
  },
  "statusCodeDistribution": {
    "500": 15175
  },
  "errorDistribution": {
    "aborted due to deadline": 1
  }
}