{
  "summary": {
    "successRate": 1.0,
    "total": 15.00829407,
    "slowest": 0.052780583,
    "fastest": 0.000332314,
    "average": 0.008389883545851929,
    "requestsPerSec": 11910.880688120738,
    "totalData": 2679930,
    "sizePerRequest": 15,
    "sizePerSec": 178563.26558505394
  },
  "responseTimeHistogram": {
    "0.000332314": 1,
    "0.0055771409": 23385,
    "0.0108219678": 126448,
    "0.0160667947": 26478,
    "0.0213116216": 2048,
    "0.0265564485": 231,
    "0.0318012754": 17,
    "0.0370461023": 46,
    "0.0422909292": 3,
    "0.0475357561": 2,
    "0.052780583": 3
  },
  "latencyPercentiles": {
    "p10": 0.005242816,
    "p25": 0.006531897,
    "p50": 0.008098036,
    "p75": 0.009888693,
    "p90": 0.011770922,
    "p95": 0.013162672,
    "p99": 0.016750675,
    "p99.9": 0.023207282,
    "p99.99": 0.035523541
  },
  "firstByteHistogram": {
    "0.000331556": 1,
    "0.0055763901": 23380,
    "0.0108212242": 126449,
    "0.0160660583": 26482,
    "0.0213108924": 2048,
    "0.026555726499999998": 231,
    "0.0318005606": 17,
    "0.0370453947": 46,
    "0.042290228799999996": 3,
    "0.047535062899999994": 2,
    "0.05277989699999999": 3
  },
  "firstBytePercentiles": {
    "p10": 0.005242216,
    "p25": 0.006531292,
    "p50": 0.008097528,
    "p75": 0.009888028,
    "p90": 0.011770335,
    "p95": 0.013162341,
    "p99": 0.016750104,
    "p99.9": 0.023206659,
    "p99.99": 0.03552281
  },
  "rps": {
    "mean": 11916.142985289192,
    "stddev": 2251.7846653032184,
    "max": 18973.350974869187,
    "min": 102.33972141285717,
    "percentiles": {
      "p10": 9140.998291436876,
      "p25": 10747.9356612353,
      "p50": 12090.343555308436,
      "p75": 13338.490883142122,
      "p90": 14554.270504127811,
      "p95": 15305.580414619022,
      "p99": 16416.025039909,
      "p99.9": 18406.814745970853,
      "p99.99": 18973.350974869187
    }
  },
  "details": {
    "DNSDialup": {
      "average": 0.0009036025500000005,
      "fastest": 0.000413512,
      "slowest": 0.001549668
    },
    "DNSLookup": {
      "average": 7.207980000000001e-6,
      "fastest": 4.089e-6,
      "slowest": 0.000071311
    },
    "firstByte": {
      "average": 0.008389280629663735,
      "fastest": 0.000331556,
      "slowest": 0.052779897
    }
  },
  "statusCodeDistribution": {
    "200": 178662
  },
  "errorDistribution": {
    "aborted due to deadline": 100
  }
}