{
  "summary": {
    "successRate": 1.0,
    "total": 15.014916209,
    "slowest": 0.230937072,
    "fastest": 0.00331222,
    "average": 0.04596335624278102,
    "requestsPerSec": 10863.530487251619,
    "totalData": 2439225,
    "sizePerRequest": 15,
    "sizePerSec": 162453.45402180258
  },
  "responseTimeHistogram": {
    "0.00331222": 1,
    "0.0260747052": 26966,
    "0.048837190399999994": 68339,
    "0.0715996756": 52744,
    "0.0943621608": 13101,
    "0.117124646": 998,
    "0.1398871312": 128,
    "0.1626496164": 161,
    "0.1854121016": 127,
    "0.20817458679999998": 41,
    "0.230937072": 9
  },
  "latencyPercentiles": {
    "p10": 0.022277716,
    "p25": 0.031593465,
    "p50": 0.045052247,
    "p75": 0.057596869,
    "p90": 0.070399429,
    "p95": 0.07733208,
    "p99": 0.092863699,
    "p99.9": 0.164685106,
    "p99.99": 0.201958333
  },
  "firstByteHistogram": {
    "0.003311928": 1,
    "0.0260743845": 26966,
    "0.048836841": 68339,
    "0.0715992975": 52745,
    "0.094361754": 13100,
    "0.1171242105": 998,
    "0.139886667": 128,
    "0.1626491235": 161,
    "0.18541158": 127,
    "0.2081740365": 41,
    "0.230936493": 9
  },
  "firstBytePercentiles": {
    "p10": 0.022277158,
    "p25": 0.031592916,
    "p50": 0.045051283,
    "p75": 0.057596296,
    "p90": 0.070397983,
    "p95": 0.077331546,
    "p99": 0.092863166,
    "p99.9": 0.164684363,
    "p99.99": 0.201957547
  },
  "rps": {
    "mean": 10865.090957858367,
    "stddev": 3068.303213353458,
    "max": 21271.679177326416,
    "min": 21.0585301840863,
    "percentiles": {
      "p10": 7100.345076770425,
      "p25": 8827.342014442775,
      "p50": 10756.043287947628,
      "p75": 13012.691062422613,
      "p90": 14735.463112392483,
      "p95": 15819.823821229815,
      "p99": 17888.013370012126,
      "p99.9": 20729.634888612913,
      "p99.99": 21271.679177326416
    }
  },
  "details": {
    "DNSDialup": {
      "average": 0.011827256477999992,
      "fastest": 0.002134849,
      "slowest": 0.03656096
    },
    "DNSLookup": {
      "average": 5.561478000000004e-6,
      "fastest": 3.743e-6,
      "slowest": 0.000096081
    },
    "firstByte": {
      "average": 0.04596274127202878,
      "fastest": 0.003311928,
      "slowest": 0.230936493
    }
  },
  "statusCodeDistribution": {
    "200": 162615
  },
  "errorDistribution": {
    "aborted due to deadline": 500
  }
}