{
  "summary": {
    "successRate": 1.0,
    "total": 15.004381067,
    "slowest": 0.036650937,
    "fastest": 0.000077892,
    "average": 0.0006837762918802965,
    "requestsPerSec": 14506.029874081176,
    "totalData": 0,
    "sizePerRequest": 0,
    "sizePerSec": 0.0
  },
  "responseTimeHistogram": {
    "0.000077892": 1,
    "0.0037351965": 217321,
    "0.007392501": 260,
    "0.011049805499999999": 39,
    "0.014707109999999999": 8,
    "0.0183644145": 6,
    "0.022021719": 7,
    "0.0256790235": 0,
    "0.029336328": 1,
    "0.0329936325": 0,
    "0.036650937": 1
  },
  "latencyPercentiles": {
    "p10": 0.000387807,
    "p25": 0.000478408,
    "p50": 0.00060304,
    "p75": 0.000780866,
    "p90": 0.001032796,
    "p95": 0.001259048,
    "p99": 0.001996982,
    "p99.9": 0.004331586,
    "p99.99": 0.011330218
  },
  "firstByteHistogram": {
    "NaN": 0
  },
  "firstBytePercentiles": {
    "p10": null,
    "p25": null,
    "p50": null,
    "p75": null,
    "p90": null,
    "p95": null,
    "p99": null,
    "p99.9": null,
    "p99.99": null
  },
  "rps": {
    "mean": 14503.217581033065,
    "stddev": 2935.284990503237,
    "max": 22143.632169982426,
    "min": 56.557451964624896,
    "percentiles": {
      "p10": 10882.41250993878,
      "p25": 13211.00741137566,
      "p50": 15042.283454972106,
      "p75": 16405.95397309625,
      "p90": 17593.498575381567,
      "p95": 18236.933437595977,
      "p99": 19507.79726656847,
      "p99.9": 20954.3756431198,
      "p99.99": 22143.632169982426
    }
  },
  "details": {
    "DNSDialup": {
      "average": 0.0001655662,
      "fastest": 0.000048713,
      "slowest": 0.000354494
    },
    "DNSLookup": {
      "average": 0.000038253899999999996,
      "fastest": 2.601e-6,
      "slowest": 0.000072541
    },
    "firstByte": {
      "average": null,
      "fastest": null,
      "slowest": null
    }
  },
  "statusCodeDistribution": {
    "500": 217644
  },
  "errorDistribution": {
    "aborted due to deadline": 10
  }
}