{
  "summary": {
    "successRate": 1.0,
    "total": 15.005143516,
    "slowest": 0.061469096,
    "fastest": 0.000088545,
    "average": 0.0019340992637762171,
    "requestsPerSec": 25785.291529363603,
    "totalData": 0,
    "sizePerRequest": 0,
    "sizePerSec": 0.0
  },
  "responseTimeHistogram": {
    "0.000088545": 1,
    "0.006226600099999999": 384549,
    "0.0123646552": 2015,
    "0.0185027103": 165,
    "0.024640765399999997": 58,
    "0.030778820499999995": 24,
    "0.0369168756": 17,
    "0.0430549307": 7,
    "0.0491929858": 0,
    "0.055331040899999996": 10,
    "0.061469095999999994": 16
  },
  "latencyPercentiles": {
    "p10": 0.001024473,
    "p25": 0.001331828,
    "p50": 0.00173788,
    "p75": 0.002264651,
    "p90": 0.002971061,
    "p95": 0.003565183,
    "p99": 0.005421146,
    "p99.9": 0.011283669,
    "p99.99": 0.033687837
  },
  "firstByteHistogram": {
    "NaN": 0
  },
  "firstBytePercentiles": {
    "p10": null,
    "p25": null,
    "p50": null,
    "p75": null,
    "p90": null,
    "p95": null,
    "p99": null,
    "p99.9": null,
    "p99.99": null
  },
  "rps": {
    "mean": 25772.01168456037,
    "stddev": 6139.911913265296,
    "max": 42902.24807779567,
    "min": 50.31486792774845,
    "percentiles": {
      "p10": 18476.366153115512,
      "p25": 22507.533271385008,
      "p50": 26364.011977392303,
      "p75": 29824.81985356643,
      "p90": 32983.67554667454,
      "p95": 34706.91014580915,
      "p99": 37595.56550198531,
      "p99.9": 40743.98095580879,
      "p99.99": 42902.24807779567
    }
  },
  "details": {
    "DNSDialup": {
      "average": 0.00028015904,
      "fastest": 0.000088105,
      "slowest": 0.000929213
    },
    "DNSLookup": {
      "average": 0.000018350999999999998,
      "fastest": 2.144e-6,
      "slowest": 0.000211732
    },
    "firstByte": {
      "average": null,
      "fastest": null,
      "slowest": null
    }
  },
  "statusCodeDistribution": {
    "500": 386862
  },
  "errorDistribution": {
    "aborted due to deadline": 50
  }
}