{
  "summary": {
    "successRate": 1.0,
    "total": 30.004184507,
    "slowest": 6.378714249,
    "fastest": 0.000372831,
    "average": 0.07923186241084823,
    "requestsPerSec": 1261.690681550374,
    "totalData": 528584,
    "sizePerRequest": 14,
    "sizePerSec": 17617.009383363875
  },
  "responseTimeHistogram": {
    "0.000372831": 1,
    "0.6382069727999999": 37105,
    "1.2760411146": 347,
    "1.9138752564": 105,
    "2.5517093982": 97,
    "3.18954354": 2,
    "3.8273776818": 0,
    "4.4652118236": 32,
    "5.1030459654": 43,
    "5.7408801072": 17,
    "6.378714249": 7
  },
  "latencyPercentiles": {
    "p10": 0.006144953,
    "p25": 0.011055653,
    "p50": 0.020437681,
    "p75": 0.049155775,
    "p90": 0.127317797,
    "p95": 0.300599517,
    "p99": 1.102507723,
    "p99.9": 4.690512796,
    "p99.99": 5.865281079
  },
  "firstByteHistogram": {
    "0.000372083": 1,
    "0.638206273": 37105,
    "1.276040463": 347,
    "1.913874653": 105,
    "2.5517088429999997": 97,
    "3.1895430329999996": 2,
    "3.8273772229999996": 0,
    "4.4652114130000005": 32,
    "5.103045603": 43,
    "5.7408797929999995": 17,
    "6.378713983": 7
  },
  "firstBytePercentiles": {
    "p10": 0.006144339,
    "p25": 0.011055357,
    "p50": 0.020437347,
    "p75": 0.049155494,
    "p90": 0.12731721,
    "p95": 0.300598674,
    "p99": 1.102505794,
    "p99.9": 4.690511893,
    "p99.99": 5.86528039
  },
  "rps": {
    "mean": 2982.0322973234947,
    "stddev": 5105.126113493125,
    "max": 130838.67591257201,
    "min": 0.4546518670548984,
    "percentiles": {
      "p10": 33.416293738044835,
      "p25": 571.2586627806144,
      "p50": 2047.51698255382,
      "p75": 4374.495292606105,
      "p90": 6511.845698510661,
      "p95": 7971.4660825585115,
      "p99": 11215.550360576799,
      "p99.9": 66050.19814903419,
      "p99.99": 130838.67591257201
    }
  },
  "details": {
    "DNSDialup": {
      "average": 0.002944875280000001,
      "fastest": 0.000438841,
      "slowest": 0.008921305
    },
    "DNSLookup": {
      "average": 7.81516e-6,
      "fastest": 3.991e-6,
      "slowest": 0.000052963
    },
    "firstByte": {
      "average": 0.07923101232630518,
      "fastest": 0.000372083,
      "slowest": 6.378713983
    }
  },
  "statusCodeDistribution": {
    "200": 37756
  },
  "errorDistribution": {
    "aborted due to deadline": 100
  }
}