{
  "summary": {
    "successRate": 1.0,
    "total": 30.008179435,
    "slowest": 1.515407508,
    "fastest": 0.000432494,
    "average": 0.10049669744696,
    "requestsPerSec": 992.5627132601155,
    "totalData": 534330,
    "sizePerRequest": 18,
    "sizePerSec": 17806.145193093085
  },
  "responseTimeHistogram": {
    "0.000432494": 1,
    "0.15192999540000002": 24308,
    "0.30342749680000003": 3617,
    "0.45492499820000004": 858,
    "0.6064224996": 300,
    "0.757920001": 143,
    "0.9094175024000001": 245,
    "1.0609150038000001": 54,
    "1.2124125052": 87,
    "1.3639100066": 69,
    "1.515407508": 3
  },
  "latencyPercentiles": {
    "p10": 0.008239985,
    "p25": 0.019024359,
    "p50": 0.054982557,
    "p75": 0.112376226,
    "p90": 0.215509263,
    "p95": 0.332228064,
    "p99": 0.866377441,
    "p99.9": 1.299876249,
    "p99.99": 1.370453391
  },
  "firstByteHistogram": {
    "0.000431658": 1,
    "0.1519291456": 24308,
    "0.3034266332": 3617,
    "0.4549241208": 858,
    "0.6064216084": 300,
    "0.7579190960000001": 143,
    "0.9094165836": 245,
    "1.0609140712": 54,
    "1.2124115588": 87,
    "1.3639090463999999": 69,
    "1.515406534": 3
  },
  "firstBytePercentiles": {
    "p10": 0.008238342,
    "p25": 0.019022628,
    "p50": 0.054981154,
    "p75": 0.112374748,
    "p90": 0.215508546,
    "p95": 0.332227796,
    "p99": 0.866375875,
    "p99.9": 1.299875455,
    "p99.99": 1.370452742
  },
  "rps": {
    "mean": 30217.24332442371,
    "stddev": 1217378.3609169247,
    "max": 52631584.43392476,
    "min": 1.0578212555947966,
    "percentiles": {
      "p10": 30.93384450892424,
      "p25": 327.7447929956126,
      "p50": 1414.0556039297678,
      "p75": 3001.6755352838604,
      "p90": 5048.2889026691955,
      "p95": 6469.2213149914905,
      "p99": 9682.360481980864,
      "p99.9": 30990.839107648375,
      "p99.99": 52631584.43392476
    }
  },
  "details": {
    "DNSDialup": {
      "average": 0.008928801920000005,
      "fastest": 0.000402594,
      "slowest": 0.022945144
    },
    "DNSLookup": {
      "average": 0.000014381109999999994,
      "fastest": 3.746e-6,
      "slowest": 0.000717921
    },
    "firstByte": {
      "average": 0.10049570324672343,
      "fastest": 0.000431658,
      "slowest": 1.515406534
    }
  },
  "statusCodeDistribution": {
    "200": 29685
  },
  "errorDistribution": {
    "aborted due to deadline": 100
  }
}