{
  "summary": {
    "successRate": 1.0,
    "total": 1.989890048,
    "slowest": 0.081809722,
    "fastest": 0.00040951,
    "average": 0.009886160903099987,
    "requestsPerSec": 5025.403293036621,
    "totalData": 0,
    "sizePerRequest": 0,
    "sizePerSec": 0.0
  },
  "responseTimeHistogram": {
    "0.00040951": 1,
    "0.0085495312": 5190,
    "0.016689552399999998": 3584,
    "0.024829573599999998": 937,
    "0.0329695948": 202,
    "0.041109616": 35,
    "0.0492496372": 1,
    "0.0573896584": 0,
    "0.0655296796": 8,
    "0.0736697008": 31,
    "0.081809722": 11
  },
  "latencyPercentiles": {
    "p10": 0.003382208,
    "p25": 0.005381889,
    "p50": 0.008298379,
    "p75": 0.012437395,
    "p90": 0.01770261,
    "p95": 0.021917428,
    "p99": 0.031916823,
    "p99.9": 0.075301978,
    "p99.99": 0.081498709
  },
  "firstByteHistogram": {
    "NaN": 0
  },
  "firstBytePercentiles": {
    "p10": null,
    "p25": null,
    "p50": null,
    "p75": null,
    "p90": null,
    "p95": null,
    "p99": null,
    "p99.9": null,
    "p99.99": null
  },
  "rps": {
    "mean": 5181.661316620065,
    "stddev": 1915.6637163150183,
    "max": 10140.148905576933,
    "min": 14.930292108477651,
    "percentiles": {
      "p10": 2607.3013127761624,
      "p25": 3906.4401572432425,
      "p50": 5341.459339098179,
      "p75": 6569.6324403919,
      "p90": 7640.338696214434,
      "p95": 8039.469409636171,
      "p99": 8943.532971960418,
      "p99.9": 10140.148905576933,
      "p99.99": 10140.148905576933
    }
  },
  "details": {
    "DNSDialup": {
      "average": 0.0022129717599999998,
      "fastest": 0.000233418,
      "slowest": 0.006272359
    },
    "DNSLookup": {
      "average": 9.284779999999998e-6,
      "fastest": 3.899e-6,
      "slowest": 0.000073068
    },
    "firstByte": {
      "average": null,
      "fastest": null,
      "slowest": null
    }
  },
  "statusCodeDistribution": {
    "200": 10000
  },
  "errorDistribution": {}
}