{
  "summary": {
    "successRate": 1.0,
    "total": 15.003246442,
    "slowest": 2.118335326,
    "fastest": 0.000344087,
    "average": 0.06899822966171551,
    "requestsPerSec": 721.3105538082049,
    "totalData": 172352,
    "sizePerRequest": 16,
    "sizePerSec": 11487.64706800515
  },
  "responseTimeHistogram": {
    "0.000344087": 1,
    "0.21214321089999996": 10013,
    "0.42394233479999993": 442,
    "0.6357414586999999": 122,
    "0.8475405825999999": 93,
    "1.0593397064999999": 45,
    "1.2711388303999998": 24,
    "1.4829379542999999": 22,
    "1.6947370781999997": 0,
    "1.9065362020999996": 8,
    "2.118335326": 2
  },
  "latencyPercentiles": {
    "p10": 0.00269205,
    "p25": 0.006187198,
    "p50": 0.019952926,
    "p75": 0.069913261,
    "p90": 0.14277261,
    "p95": 0.300412928,
    "p99": 0.769327862,
    "p99.9": 1.439799588,
    "p99.99": 1.956417912
  },
  "firstByteHistogram": {
    "0.000343375": 1,
    "0.21214246240000004": 10013,
    "0.42394154980000004": 442,
    "0.6357406372000002": 122,
    "0.8475397246000002": 93,
    "1.059338812": 45,
    "1.2711378994000002": 24,
    "1.4829369868000002": 22,
    "1.6947360742000002": 0,
    "1.9065351616000001": 8,
    "2.118334249": 2
  },
  "firstBytePercentiles": {
    "p10": 0.002691284,
    "p25": 0.006186349,
    "p50": 0.019951357,
    "p75": 0.069912004,
    "p90": 0.142772326,
    "p95": 0.300412228,
    "p99": 0.769327557,
    "p99.9": 1.439797826,
    "p99.99": 1.956416336
  },
  "rps": {
    "mean": 1425.7065587616898,
    "stddev": 1742.8086509233713,
    "max": 20335.198009369247,
    "min": 1.3005281979528973,
    "percentiles": {
      "p10": 26.358791761485158,
      "p25": 300.0646339221442,
      "p50": 988.10974605586,
      "p75": 2010.864297627103,
      "p90": 3274.9828852903593,
      "p95": 4138.190047384485,
      "p99": 7197.765813512633,
      "p99.9": 17983.02402523526,
      "p99.99": 20335.198009369247
    }
  },
  "details": {
    "DNSDialup": {
      "average": 0.0018843094600000001,
      "fastest": 0.00022405,
      "slowest": 0.01005201
    },
    "DNSLookup": {
      "average": 0.000018029380000000003,
      "fastest": 3.663e-6,
      "slowest": 0.000303603
    },
    "firstByte": {
      "average": 0.0689972664212771,
      "fastest": 0.000343375,
      "slowest": 2.118334249
    }
  },
  "statusCodeDistribution": {
    "200": 10772
  },
  "errorDistribution": {
    "aborted due to deadline": 50
  }
}