{
  "summary": {
    "successRate": 1.0,
    "total": 15.018184054,
    "slowest": 3.302253058,
    "fastest": 0.001037967,
    "average": 0.4363373245135138,
    "requestsPerSec": 2138.274500068262,
    "totalData": 497808,
    "sizePerRequest": 16,
    "sizePerSec": 33147.016857035516
  },
  "responseTimeHistogram": {
    "0.001037967": 1,
    "0.33115947609999996": 21609,
    "0.6612809852": 2526,
    "0.9914024942999999": 2208,
    "1.3215240034": 1943,
    "1.6516455125": 1063,
    "1.9817670215999998": 1149,
    "2.3118885306999997": 567,
    "2.6420100397999997": 26,
    "2.9721315488999998": 9,
    "3.302253058": 12
  },
  "latencyPercentiles": {
    "p10": 0.10478099,
    "p25": 0.145269212,
    "p50": 0.183078612,
    "p75": 0.535089578,
    "p90": 1.231473598,
    "p95": 1.716418765,
    "p99": 2.102658567,
    "p99.9": 2.5913254500000003,
    "p99.99": 3.11036955
  },
  "firstByteHistogram": {
    "0.00103688": 1,
    "0.3311584239": 21609,
    "0.6612799678": 2526,
    "0.9914015116999999": 2208,
    "1.3215230556": 1943,
    "1.6516445995": 1063,
    "1.9817661433999998": 1149,
    "2.3118876873": 567,
    "2.6420092312": 26,
    "2.9721307750999997": 9,
    "3.302252319": 12
  },
  "firstBytePercentiles": {
    "p10": 0.104780462,
    "p25": 0.145268599,
    "p50": 0.183078344,
    "p75": 0.535088979,
    "p90": 1.231471522,
    "p95": 1.716418017,
    "p99": 2.102658314,
    "p99.9": 2.5913245480000002,
    "p99.99": 3.110367545
  },
  "rps": {
    "mean": 3981.613990183548,
    "stddev": 3840.74546438063,
    "max": 20072.663040202926,
    "min": 1.069093487215685,
    "percentiles": {
      "p10": 60.10235551348566,
      "p25": 812.36921490307,
      "p50": 2955.1169741681742,
      "p75": 6187.346146819583,
      "p90": 9522.677843254067,
      "p95": 11454.672497284399,
      "p99": 15331.361354561204,
      "p99.9": 20072.663040202926,
      "p99.99": 20072.663040202926
    }
  },
  "details": {
    "DNSDialup": {
      "average": 0.027855028662000004,
      "fastest": 0.005075465,
      "slowest": 0.070546762
    },
    "DNSLookup": {
      "average": 0.000010000469000000019,
      "fastest": 3.475e-6,
      "slowest": 0.002642636
    },
    "firstByte": {
      "average": 0.43633652161675207,
      "fastest": 0.00103688,
      "slowest": 3.302252319
    }
  },
  "statusCodeDistribution": {
    "200": 31113
  },
  "errorDistribution": {
    "aborted due to deadline": 1000
  }
}