{
  "summary": {
    "successRate": 1.0,
    "total": 15.003964373,
    "slowest": 0.087746548,
    "fastest": 0.000306977,
    "average": 0.004504176238537911,
    "requestsPerSec": 2216.080975227733,
    "totalData": 531840,
    "sizePerRequest": 16,
    "sizePerSec": 35446.63175534188
  },
  "responseTimeHistogram": {
    "0.000306977": 1,
    "0.0090509341": 30236,
    "0.0177948912": 1561,
    "0.0265388483": 402,
    "0.0352828054": 124,
    "0.0440267625": 271,
    "0.0527707196": 367,
    "0.0615146767": 190,
    "0.0702586338": 66,
    "0.0790025909": 15,
    "0.087746548": 7
  },
  "latencyPercentiles": {
    "p10": 0.000934103,
    "p25": 0.001389597,
    "p50": 0.002155261,
    "p75": 0.003461604,
    "p90": 0.008126685,
    "p95": 0.015923672,
    "p99": 0.050990953,
    "p99.9": 0.068953627,
    "p99.99": 0.081377653
  },
  "firstByteHistogram": {
    "0.000306467": 1,
    "0.0090503051": 30236,
    "0.0177941432": 1561,
    "0.026537981300000003": 402,
    "0.0352818194": 124,
    "0.044025657499999996": 271,
    "0.0527694956": 367,
    "0.0615133337": 190,
    "0.0702571718": 66,
    "0.0790010099": 15,
    "0.087744848": 7
  },
  "firstBytePercentiles": {
    "p10": 0.000933142,
    "p25": 0.00138895,
    "p50": 0.002154035,
    "p75": 0.003460948,
    "p90": 0.008125505,
    "p95": 0.015922179,
    "p99": 0.050989856,
    "p99.9": 0.068952837,
    "p99.99": 0.081376849
  },
  "rps": {
    "mean": 2664.9888243399755,
    "stddev": 1961.7359344023166,
    "max": 9523.80952368671,
    "min": 18.218305804683794,
    "percentiles": {
      "p10": 117.47635876386799,
      "p25": 931.6829501554046,
      "p50": 2171.0639153977904,
      "p75": 4656.9248523172655,
      "p90": 5355.536376672458,
      "p95": 5610.525672592349,
      "p99": 6058.673869106792,
      "p99.9": 9410.63296963457,
      "p99.99": 9523.80952368671
    }
  },
  "details": {
    "DNSDialup": {
      "average": 0.00021271719999999998,
      "fastest": 0.000103151,
      "slowest": 0.000388781
    },
    "DNSLookup": {
      "average": 0.0000270884,
      "fastest": 5.985e-6,
      "slowest": 0.0000677
    },
    "firstByte": {
      "average": 0.004503203615523418,
      "fastest": 0.000306467,
      "slowest": 0.087744848
    }
  },
  "statusCodeDistribution": {
    "200": 33240
  },
  "errorDistribution": {
    "aborted due to deadline": 10
  }
}