{
  "summary": {
    "successRate": 1.0,
    "total": 15.001599312,
    "slowest": 0.004567616,
    "fastest": 0.000313471,
    "average": 0.00040031614020183496,
    "requestsPerSec": 2463.8706334752956,
    "totalData": 591376,
    "sizePerRequest": 16,
    "sizePerSec": 39420.86358265479
  },
  "responseTimeHistogram": {
    "0.000313471": 1,
    "0.0007388855000000001": 36566,
    "0.0011643": 240,
    "0.0015897145": 78,
    "0.002015129": 41,
    "0.0024405435": 20,
    "0.002865958": 5,
    "0.0032913725": 4,
    "0.003716787": 1,
    "0.0041422015": 3,
    "0.004567616": 2
  },
  "latencyPercentiles": {
    "p10": 0.000355541,
    "p25": 0.000366288,
    "p50": 0.000380632,
    "p75": 0.000400381,
    "p90": 0.000436387,
    "p95": 0.00049686,
    "p99": 0.000754796,
    "p99.9": 0.002003504,
    "p99.99": 0.003919266
  },
  "firstByteHistogram": {
    "0.000312779": 1,
    "0.0007380682": 36566,
    "0.0011633574": 240,
    "0.0015886466000000002": 79,
    "0.0020139358": 41,
    "0.002439225": 19,
    "0.0028645142000000004": 5,
    "0.0032898034": 4,
    "0.0037150926000000003": 1,
    "0.0041403818000000005": 3,
    "0.004565671": 2
  },
  "firstBytePercentiles": {
    "p10": 0.000354759,
    "p25": 0.000365481,
    "p50": 0.000379793,
    "p75": 0.000399539,
    "p90": 0.000435499,
    "p95": 0.000495676,
    "p99": 0.000754012,
    "p99.9": 0.001999792,
    "p99.99": 0.003816255
  },
  "rps": {
    "mean": 2461.4141848253926,
    "stddev": 301.27839595952656,
    "max": 2771.344950127205,
    "min": 335.37234127288383,
    "percentiles": {
      "p10": 2108.1469338258275,
      "p25": 2459.233340154339,
      "p50": 2566.1325723621408,
      "p75": 2619.4124657838975,
      "p90": 2647.3154693843676,
      "p95": 2659.986961971531,
      "p99": 2688.4869784682783,
      "p99.9": 2736.031066720808,
      "p99.99": 2771.344950127205
    }
  },
  "details": {
    "DNSDialup": {
      "average": 0.000481601,
      "fastest": 0.000481601,
      "slowest": 0.000481601
    },
    "DNSLookup": {
      "average": 0.000058383,
      "fastest": 0.000058383,
      "slowest": 0.000058383
    },
    "firstByte": {
      "average": 0.00039944854714428827,
      "fastest": 0.000312779,
      "slowest": 0.004565671
    }
  },
  "statusCodeDistribution": {
    "200": 36961
  },
  "errorDistribution": {
    "aborted due to deadline": 1
  }
}