{
  "summary": {
    "successRate": 1.0,
    "total": 15.005147691,
    "slowest": 1.5684057519999999,
    "fastest": 0.000459893,
    "average": 0.15621009478048026,
    "requestsPerSec": 642.3795485719488,
    "totalData": 152624,
    "sizePerRequest": 16,
    "sizePerSec": 10171.442703729133
  },
  "responseTimeHistogram": {
    "0.000459893": 1,
    "0.1572544789": 6313,
    "0.3140490648": 1946,
    "0.4708436507": 619,
    "0.6276382366000001": 312,
    "0.7844328225": 215,
    "0.9412274084000001": 23,
    "1.0980219943": 5,
    "1.2548165802": 37,
    "1.4116111661": 59,
    "1.5684057519999999": 9
  },
  "latencyPercentiles": {
    "p10": 0.008890989,
    "p25": 0.023135263,
    "p50": 0.085778566,
    "p75": 0.213367622,
    "p90": 0.385243767,
    "p95": 0.55260878,
    "p99": 1.164540034,
    "p99.9": 1.4088074769999999,
    "p99.99": 1.5684057519999999
  },
  "firstByteHistogram": {
    "0.000459083": 1,
    "0.1572536201": 6313,
    "0.3140481572": 1946,
    "0.4708426943": 619,
    "0.6276372313999999": 312,
    "0.7844317685": 215,
    "0.9412263055999999": 23,
    "1.0980208427": 5,
    "1.2548153798": 37,
    "1.4116099168999998": 59,
    "1.568404454": 9
  },
  "firstBytePercentiles": {
    "p10": 0.008890213,
    "p25": 0.023134953,
    "p50": 0.08577751,
    "p75": 0.213365918,
    "p90": 0.385242981,
    "p95": 0.552608157,
    "p99": 1.164538919,
    "p99.9": 1.408806678,
    "p99.99": 1.568404454
  },
  "rps": {
    "mean": 1982.729601101077,
    "stddev": 8842.14134004184,
    "max": 236630.3833321164,
    "min": 1.0735867526488985,
    "percentiles": {
      "p10": 23.793293950514737,
      "p25": 156.1907939271942,
      "p50": 1020.9299388287964,
      "p75": 2204.212691295734,
      "p90": 3908.171595990079,
      "p95": 5261.730027367688,
      "p99": 11011.033055189442,
      "p99.9": 236630.3833321164,
      "p99.99": 236630.3833321164
    }
  },
  "details": {
    "DNSDialup": {
      "average": 0.005113245140000001,
      "fastest": 0.000429775,
      "slowest": 0.015561966
    },
    "DNSLookup": {
      "average": 0.0000411857,
      "fastest": 3.825e-6,
      "slowest": 0.002281028
    },
    "firstByte": {
      "average": 0.15620889047719896,
      "fastest": 0.000459083,
      "slowest": 1.568404454
    }
  },
  "statusCodeDistribution": {
    "200": 9539
  },
  "errorDistribution": {
    "aborted due to deadline": 100
  }
}