{
  "summary": {
    "successRate": 1.0,
    "total": 15.012401082,
    "slowest": 3.193316098,
    "fastest": 0.000674792,
    "average": 0.8486911539835511,
    "requestsPerSec": 604.2337898150222,
    "totalData": 137136,
    "sizePerRequest": 16,
    "sizePerSec": 9134.84786683639
  },
  "responseTimeHistogram": {
    "0.000674792": 1,
    "0.3199389226": 1153,
    "0.6392030532": 2034,
    "0.9584671838000001": 1642,
    "1.2777313144000002": 2279,
    "1.5969954450000003": 1104,
    "1.9162595756000003": 246,
    "2.2355237062": 65,
    "2.5547878368": 31,
    "2.8740519674000002": 15,
    "3.1933160980000004": 1
  },
  "latencyPercentiles": {
    "p10": 0.254420915,
    "p25": 0.457477222,
    "p50": 0.870517533,
    "p75": 1.182712008,
    "p90": 1.403792228,
    "p95": 1.565532798,
    "p99": 2.001411875,
    "p99.9": 2.664226326,
    "p99.99": 3.193316098
  },
  "firstByteHistogram": {
    "0.00067375": 1,
    "0.3199378196": 1153,
    "0.6392018892000001": 2034,
    "0.9584659588000002": 1642,
    "1.2777300284000002": 2279,
    "1.5969940980000001": 1104,
    "1.9162581676000003": 246,
    "2.2355222372": 65,
    "2.5547863068": 31,
    "2.8740503764": 15,
    "3.193314446": 1
  },
  "firstBytePercentiles": {
    "p10": 0.254420355,
    "p25": 0.457475574,
    "p50": 0.870516926,
    "p75": 1.182710315,
    "p90": 1.403791646,
    "p95": 1.5655323270000001,
    "p99": 2.001411605,
    "p99.9": 2.664225604,
    "p99.99": 3.193314446
  },
  "rps": {
    "mean": 1957.4813575012522,
    "stddev": 4106.878443733982,
    "max": 65013.58783989283,
    "min": 0.9674901333808218,
    "percentiles": {
      "p10": 23.45677798964196,
      "p25": 103.75642887802849,
      "p50": 928.977099599785,
      "p75": 2378.907653183997,
      "p90": 4398.013153577815,
      "p95": 6112.350168077944,
      "p99": 17474.96710962208,
      "p99.9": 65013.58783989283,
      "p99.99": 65013.58783989283
    }
  },
  "details": {
    "DNSDialup": {
      "average": 0.016151519973999977,
      "fastest": 0.002063116,
      "slowest": 0.048202023
    },
    "DNSLookup": {
      "average": 6.719405999999999e-6,
      "fastest": 3.641e-6,
      "slowest": 0.000509623
    },
    "firstByte": {
      "average": 0.8486901780415352,
      "fastest": 0.00067375,
      "slowest": 3.193314446
    }
  },
  "statusCodeDistribution": {
    "200": 8571
  },
  "errorDistribution": {
    "aborted due to deadline": 500
  }
}