{
  "summary": {
    "successRate": 1.0,
    "total": 30.004809975,
    "slowest": 0.033280919,
    "fastest": 0.000399606,
    "average": 0.008707564109463798,
    "requestsPerSec": 11476.526606464535,
    "totalData": 5852267,
    "sizePerRequest": 17,
    "sizePerSec": 195044.2947272823
  },
  "responseTimeHistogram": {
    "0.000399606": 1,
    "0.0036877373": 4265,
    "0.006975868600000001": 88270,
    "0.010263999900000001": 167133,
    "0.013552131200000001": 67990,
    "0.0168402625": 12990,
    "0.0201283938": 2690,
    "0.023416525100000002": 690,
    "0.026704656400000002": 156,
    "0.029992787700000002": 53,
    "0.033280919": 13
  },
  "latencyPercentiles": {
    "p10": 0.005525446,
    "p25": 0.006841143,
    "p50": 0.008440166,
    "p75": 0.01022372,
    "p90": 0.012124822,
    "p95": 0.013482273,
    "p99": 0.01694578,
    "p99.9": 0.022170676,
    "p99.99": 0.02746311
  },
  "firstByteHistogram": {
    "0.000398989": 1,
    "0.0036870908": 4264,
    "0.006975192599999999": 88264,
    "0.0102632944": 167130,
    "0.0135513962": 67998,
    "0.016839497999999998": 12992,
    "0.020127599799999996": 2689,
    "0.023415701599999998": 691,
    "0.026703803399999997": 156,
    "0.029991905199999995": 53,
    "0.033280007": 13
  },
  "firstBytePercentiles": {
    "p10": 0.005524868,
    "p25": 0.006840437,
    "p50": 0.008439553,
    "p75": 0.010223041,
    "p90": 0.012124359,
    "p95": 0.013481984,
    "p99": 0.016945324,
    "p99.9": 0.022170122,
    "p99.99": 0.027462842
  },
  "rps": {
    "mean": 11487.259689552175,
    "stddev": 2073.1949944146104,
    "max": 19223.869254114437,
    "min": 78.38751243029978,
    "percentiles": {
      "p10": 8908.91324621679,
      "p25": 10391.432133053206,
      "p50": 11608.319682718562,
      "p75": 12746.17949472318,
      "p90": 13914.683855276897,
      "p95": 14710.47974577091,
      "p99": 16247.537388006234,
      "p99.9": 18196.25265025044,
      "p99.99": 19223.869254114437
    }
  },
  "details": {
    "DNSDialup": {
      "average": 0.0036936762699999993,
      "fastest": 0.000412299,
      "slowest": 0.009346935
    },
    "DNSLookup": {
      "average": 0.000011560220000000001,
      "fastest": 4e-6,
      "slowest": 0.000427926
    },
    "firstByte": {
      "average": 0.008706958164885733,
      "fastest": 0.000398989,
      "slowest": 0.033280007
    }
  },
  "statusCodeDistribution": {
    "200": 344251
  },
  "errorDistribution": {
    "aborted due to deadline": 100
  }
}