{
  "summary": {
    "successRate": 1.0,
    "total": 15.005753579,
    "slowest": 0.05993165,
    "fastest": 0.000379367,
    "average": 0.008101715138305838,
    "requestsPerSec": 12331.603276423495,
    "totalData": 2774175,
    "sizePerRequest": 15,
    "sizePerSec": 184874.08748883868
  },
  "responseTimeHistogram": {
    "0.000379367": 1,
    "0.006334595300000001": 50903,
    "0.012289823600000001": 120591,
    "0.0182450519": 12461,
    "0.0242002802": 779,
    "0.0301555085": 96,
    "0.0361107368": 46,
    "0.0420659651": 27,
    "0.0480211934": 13,
    "0.053976421700000006": 25,
    "0.05993165": 3
  },
  "latencyPercentiles": {
    "p10": 0.004910684,
    "p25": 0.006164669,
    "p50": 0.007764817,
    "p75": 0.009602761,
    "p90": 0.011601316,
    "p95": 0.013082986,
    "p99": 0.016547931,
    "p99.9": 0.025265855,
    "p99.99": 0.049445824
  },
  "firstByteHistogram": {
    "0.0003787": 1,
    "0.0063338968": 50903,
    "0.012289093599999999": 120591,
    "0.018244290399999998": 12461,
    "0.024199487199999998": 779,
    "0.030154683999999998": 96,
    "0.0361098808": 46,
    "0.0420650776": 27,
    "0.0480202744": 13,
    "0.0539754712": 25,
    "0.059930668": 3
  },
  "firstBytePercentiles": {
    "p10": 0.004910241,
    "p25": 0.006163979,
    "p50": 0.007764035,
    "p75": 0.009602282,
    "p90": 0.011600868,
    "p95": 0.013081789,
    "p99": 0.016547642,
    "p99.9": 0.025265545,
    "p99.99": 0.049445175
  },
  "rps": {
    "mean": 12340.617338923252,
    "stddev": 2605.254360240059,
    "max": 20862.251853022415,
    "min": 65.56335344226947,
    "percentiles": {
      "p10": 9202.313856087872,
      "p25": 10936.992188679627,
      "p50": 12502.272609366602,
      "p75": 13974.250784116404,
      "p90": 15470.517591950427,
      "p95": 16416.075471430056,
      "p99": 17900.124593442357,
      "p99.9": 20288.198366282584,
      "p99.99": 20862.251853022415
    }
  },
  "details": {
    "DNSDialup": {
      "average": 0.0034681474299999996,
      "fastest": 0.000415801,
      "slowest": 0.007929036
    },
    "DNSLookup": {
      "average": 7.310920000000002e-6,
      "fastest": 3.823e-6,
      "slowest": 0.000064958
    },
    "firstByte": {
      "average": 0.00810109749653678,
      "fastest": 0.0003787,
      "slowest": 0.059930668
    }
  },
  "statusCodeDistribution": {
    "200": 184945
  },
  "errorDistribution": {
    "aborted due to deadline": 100
  }
}